_id,name,class,varietal,process,origin,basePrice,packageTypes[0],packageTypes[1],packageTypes[2],packageTypes[3],packageTypes[4],packageTypes[5],packageTypes[6],packageTypes[7],packageTypes[8],packageTypes[9],packageTypes[10],isActive,__v,createdAt,updatedAt,fermentation,cuppingNotes,score
692e40ca5ac7e53e5bf9eec8,San Sebastian,REGIONALS_PLUS,MIX,WASHED,COLOMBIA,1,35,20,24,59,60,69,70,10,1000,SAMPLE,12,true,0,2025-12-02T01:28:42.526Z,2025-12-02T01:28:42.526Z,,,
692e40ca5ac7e53e5bf9eeca,Albeiro Gomez - El Despertar,MICROLOTS,CATURRA,WASHED,COLOMBIA,1,35,20,24,59,60,69,70,10,1000,SAMPLE,12,true,0,2025-12-02T01:28:42.526Z,2025-12-02T01:28:42.526Z,,,
692e40ca5ac7e53e5bf9eecc,Luz Helena Salazar - Maracay,MICROLOTS,CATURRA,NATURAL,COLOMBIA,1,35,20,24,59,60,69,70,10,1000,SAMPLE,12,true,0,2025-12-02T01:28:42.526Z,2025-12-02T01:28:42.526Z,WWF,,
692e40ca5ac7e53e5bf9eecd,Wilmar Velez - Alto Sano,MICROLOTS,CATURRA,NATURAL,COLOMBIA,1,35,20,24,59,60,69,70,10,1000,SAMPLE,12,true,0,2025-12-02T01:28:42.526Z,2025-12-02T01:28:42.526Z,LACTIC,,
692e40ca5ac7e53e5bf9eecf,Nelson Hurtado - El Eden,EXOTICS,YELLOW_CATURRA,NATURAL,COLOMBIA,1,35,20,24,59,60,69,70,10,1000,SAMPLE,12,true,0,2025-12-02T01:28:42.526Z,2025-12-02T01:28:42.526Z,CM,,
692e40ca5ac7e53e5bf9eed4,Norbey Quimbayo - La esmeralda,EXOTICS,PINK_BOURBON,WASHED,COLOMBIA,1,35,20,24,59,60,69,70,10,1000,SAMPLE,12,true,0,2025-12-02T01:28:42.526Z,2025-12-02T01:28:42.526Z,ANAEROBIC,,
692e40ca5ac7e53e5bf9eede,Luz Helena Salazar - Maracay,MICROLOTS,CASTILLO,NATURAL,COLOMBIA,1,35,20,24,59,60,69,70,10,1000,SAMPLE,12,true,0,2025-12-02T01:28:42.527Z,2025-12-02T01:28:42.527Z,200_HOURS,,
692e40ca5ac7e53e5bf9eedf,Melkin Chavez - La Piedra,MICROLOTS,CATURRA,WASHED,COLOMBIA,1,35,20,24,59,60,69,70,10,1000,SAMPLE,12,true,0,2025-12-02T01:28:42.527Z,2025-12-02T01:28:42.527Z,,,
692e40ca5ac7e53e5bf9eee5,Jairo Arcila - Castellon,EXOTICS,GESHA,WASHED,COLOMBIA,1,24,20,35,59,60,69,70,10,1000,SAMPLE,12,true,0,2025-12-02T01:28:42.527Z,2025-12-02T01:28:42.527Z,LACTIC,,
692e40ca5ac7e53e5bf9eee6,Norbey Quimbayo - La esmeralda,EXOTICS,YELLOW_BOURBON,WASHED,COLOMBIA,1,24,20,35,59,60,69,70,10,1000,SAMPLE,12,true,0,2025-12-02T01:28:42.527Z,2025-12-02T01:28:42.527Z,LACTIC,,
692e40ca5ac7e53e5bf9eef0,Jairo Arcila - Castellon,EXOTICS,GESHA,NATURAL,COLOMBIA,1,24,20,35,59,60,69,70,10,1000,SAMPLE,12,true,0,2025-12-02T01:28:42.527Z,2025-12-02T01:28:42.527Z,ANAEROBIC,,
692e40ca5ac7e53e5bf9eef3,Luis Anibal Calderon - Villa Betulia,EXOTICS,MARAGESHA,NATURAL,COLOMBIA,1,24,20,35,59,60,69,70,10,1000,SAMPLE,12,true,0,2025-12-02T01:28:42.527Z,2025-12-02T01:28:42.527Z,ANAEROBIC,,
692e40ca5ac7e53e5bf9eef4,Luis Anibal Calderon - Villa Betulia,EXOTICS,CATURRON,NATURAL,COLOMBIA,1,24,20,35,59,60,69,70,10,1000,SAMPLE,12,true,0,2025-12-02T01:28:42.527Z,2025-12-02T01:28:42.527Z,CM,,
692e40ca5ac7e53e5bf9ef05,Rafael Amaya - La Virginia,MICROLOTS,CATURRA,WASHED,COLOMBIA,1,35,20,24,59,60,69,70,10,1000,SAMPLE,12,true,0,2025-12-02T01:28:42.527Z,2025-12-02T01:28:42.527Z,CM_200,,
692e40ca5ac7e53e5bf9ef08,Alirio Buitrago - La Mariela,MICROLOTS,CATURRA,WASHED,COLOMBIA,1,35,20,24,59,60,69,70,10,1000,SAMPLE,12,true,0,2025-12-02T01:28:42.527Z,2025-12-02T01:28:42.527Z,DOUBLE_ANAEROBIC,,
692e40ca5ac7e53e5bf9ef0e,Diofanor Ruiz - La Divisa,MICROLOTS,CASTILLO,NATURAL,COLOMBIA,1,24,20,35,59,60,69,70,10,1000,SAMPLE,12,true,0,2025-12-02T01:28:42.527Z,2025-12-02T01:28:42.527Z,CM_200_HOURS,,
692e40ca5ac7e53e5bf9ef13,Javier Rubio - El Libano,EXOTICS,SAN_BERNARDO,NATURAL,COLOMBIA,1,24,20,35,59,60,69,70,10,1000,SAMPLE,12,true,0,2025-12-02T01:28:42.527Z,2025-12-02T01:28:42.527Z,ANAEROBIC,,
692e40ca5ac7e53e5bf9ef14,Felipe Arcila - Jardines del Eden,EXPERIMENTALS,CASTILLO,NATURAL,COLOMBIA,1,24,20,35,59,60,69,70,10,1000,SAMPLE,12,true,0,2025-12-02T01:28:42.527Z,2025-12-02T01:28:42.527Z,MANDARINE,,
692e40ca5ac7e53e5bf9ef1c,Diofanor Ruiz - La Divisa,MICROLOTS,CASTILLO,NATURAL,COLOMBIA,1,24,20,35,59,60,69,70,10,1000,SAMPLE,12,true,0,2025-12-02T01:28:42.527Z,2025-12-02T01:28:42.527Z,EF2,,
692e40ca5ac7e53e5bf9ef1e,Luz Helena Salazar - Maracay,MICROLOTS,CASTILLO,NATURAL,COLOMBIA,1,35,20,24,59,60,69,70,10,1000,SAMPLE,12,true,0,2025-12-02T01:28:42.527Z,2025-12-02T01:28:42.527Z,CM,,
692e40ca5ac7e53e5bf9ef20,Ever Silva - La Perla,MICROLOTS,CATURRA,NATURAL,COLOMBIA,1,35,20,24,59,60,69,70,10,1000,SAMPLE,12,true,0,2025-12-02T01:28:42.527Z,2025-12-02T01:28:42.527Z,ANAEROBIC,,
692e40ca5ac7e53e5bf9ef23,Norbey Quimbayo - La esmeralda,EXOTICS,PINK_BOURBON,WASHED,COLOMBIA,1,35,20,24,59,60,69,70,10,1000,SAMPLE,12,true,0,2025-12-02T01:28:42.527Z,2025-12-02T01:28:42.527Z,EF,,
692e40ca5ac7e53e5bf9ef2b,Oswaldo Rojas - Entre vias,MICROLOTS,CASTILLO,WASHED,COLOMBIA,1,70,20,24,35,59,60,69,10,1000,SAMPLE,12,true,0,2025-12-02T01:28:42.527Z,2025-12-02T01:28:42.527Z,,,
692e40ca5ac7e53e5bf9ef32,Luis Anibal Calderon - Villa Betulia,EXOTICS,GESHA,WASHED,COLOMBIA,1,24,20,35,59,60,69,70,10,1000,SAMPLE,12,true,0,2025-12-02T01:28:42.527Z,2025-12-02T01:28:42.527Z,DOUBLE_ANAEROBIC,,
692e40ca5ac7e53e5bf9ef37,Luis Aldana - La Granja,EXOTICS,SAN_BERNARDO,NATURAL,COLOMBIA,1,24,20,35,59,60,69,70,10,1000,SAMPLE,12,true,0,2025-12-02T01:28:42.527Z,2025-12-02T01:28:42.527Z,EF2,,
692e40ca5ac7e53e5bf9ef38,Felipe Henao - El Rubi,EXOTICS,CHIROSO_BOURBON,WASHED,COLOMBIA,1,35,20,24,59,60,69,70,10,1000,SAMPLE,12,true,0,2025-12-02T01:28:42.527Z,2025-12-02T01:28:42.527Z,,,
692e40ca5ac7e53e5bf9ef3b,Wilson Ramirez,EXOTICS,CATURRON,WASHED,COLOMBIA,1,35,20,24,59,60,69,70,10,1000,SAMPLE,12,true,0,2025-12-02T01:28:42.527Z,2025-12-02T01:28:42.527Z,,,
692e40ca5ac7e53e5bf9ef3f,Freddy Adarme,MICROLOTS,CATURRA,WASHED,COLOMBIA,1,35,20,24,59,60,69,70,10,1000,SAMPLE,12,true,0,2025-12-02T01:28:42.527Z,2025-12-02T01:28:42.527Z,,,
692e40ca5ac7e53e5bf9ef40,Jesus Muñoz,MICROLOTS,CATURRA,WASHED,COLOMBIA,1,35,20,24,59,60,69,70,10,1000,SAMPLE,12,true,0,2025-12-02T01:28:42.527Z,2025-12-02T01:28:42.527Z,,,
692e40ca5ac7e53e5bf9ef41,Felipe Arcila - Jardines del Eden,EXOTICS,RED_BOURBON,NATURAL,COLOMBIA,1,24,20,35,59,60,69,70,10,1000,SAMPLE,12,true,0,2025-12-02T01:28:42.527Z,2025-12-02T01:28:42.527Z,EF2,,
692e40ca5ac7e53e5bf9ef42,Danilo Perez - Guacanas,MICROLOTS,CATURRA,NATURAL,COLOMBIA,1,24,20,35,59,60,69,70,10,1000,SAMPLE,12,true,0,2025-12-02T01:28:42.527Z,2025-12-02T01:28:42.527Z,200_HOURS,,
692e40ca5ac7e53e5bf9ef46,Luis Anibal Calderon - Villa Betulia,EXOTICS,PINK_BOURBON,HONEY,COLOMBIA,1,24,20,35,59,60,69,70,10,1000,SAMPLE,12,true,0,2025-12-02T01:28:42.527Z,2025-12-02T01:28:42.527Z,ANAEROBIC,,
692e40ca5ac7e53e5bf9ef52,Albeiro Granada - El Cañal,MICROLOTS,CASTILLO,WASHED,COLOMBIA,1,35,20,24,59,60,69,70,10,1000,SAMPLE,12,true,0,2025-12-02T01:28:42.527Z,2025-12-02T01:28:42.527Z,,,
692e40ca5ac7e53e5bf9ef61,Linarco Rodriguez - El Diviso,MICROLOTS,TABI,WASHED,COLOMBIA,1,24,20,35,59,60,69,70,10,1000,SAMPLE,12,true,0,2025-12-02T01:28:42.528Z,2025-12-02T01:28:42.528Z,ANAEROBIC,,
692e40ca5ac7e53e5bf9ef65,Jairo Arcila - Santa Monica,EXOTICS,SUDAN_RUME,NATURAL,COLOMBIA,1,24,20,35,59,60,69,70,10,1000,SAMPLE,12,true,0,2025-12-02T01:28:42.528Z,2025-12-02T01:28:42.528Z,CM,,
692e40ca5ac7e53e5bf9ef74,Palestina Huila,REGIONALS_PLUS,MIX,WASHED,COLOMBIA,1,35,20,24,59,60,69,70,10,1000,SAMPLE,12,true,0,2025-12-02T01:28:42.528Z,2025-12-02T01:28:42.528Z,,,
692e40ca5ac7e53e5bf9ef77,Jairo Arcila - Santa Monica,EXOTICS,PAPAYO,NATURAL,COLOMBIA,1,24,20,35,59,60,69,70,10,1000,SAMPLE,12,true,0,2025-12-02T01:28:42.528Z,2025-12-02T01:28:42.528Z,EF2,,
692e40ca5ac7e53e5bf9ef78,Felipe Arcila - Jardines del Eden,EXOTICS,CASTILLO,NATURAL,COLOMBIA,1,24,20,35,59,60,69,70,10,1000,SAMPLE,12,true,0,2025-12-02T01:28:42.528Z,2025-12-02T01:28:42.528Z,200_HOURS,,
692e40ca5ac7e53e5bf9ef7c,Felipe Arcila - Jardines del Eden,EXPERIMENTALS,CATURRA,HONEY,COLOMBIA,1,24,20,35,59,60,69,70,10,1000,SAMPLE,12,true,0,2025-12-02T01:28:42.528Z,2025-12-02T01:28:42.528Z,WINE_YEAST_PASSION_FRUIT,,
692e40ca5ac7e53e5bf9ef7e,Jairo Arcila - Santa Monica,EXPERIMENTALS,CASTILLO,HONEY,COLOMBIA,1,24,20,35,59,60,69,70,10,1000,SAMPLE,12,true,0,2025-12-02T01:28:42.528Z,2025-12-02T01:28:42.528Z,WINE_YEAST_STRAWBERRY,,
692e40ca5ac7e53e5bf9ef80,Jairo Arcila - Santa Monica,EXPERIMENTALS,CASTILLO,HONEY,COLOMBIA,1,24,20,35,59,60,69,70,10,1000,SAMPLE,12,true,0,2025-12-02T01:28:42.528Z,2025-12-02T01:28:42.528Z,WINE_YEAST_GRAPE,,
692e40ca5ac7e53e5bf9ef82,Luis Anibal Calderon - Villa Betulia,EXOTICS,STRIPPED_BOURBON,WASHED,COLOMBIA,1,24,20,35,59,60,69,70,10,1000,SAMPLE,12,true,0,2025-12-02T01:28:42.528Z,2025-12-02T01:28:42.528Z,ANAEROBIC,,
692e40ca5ac7e53e5bf9ef85,Sebastian Gomez - La Divisa,EXOTICS,GESHA,NATURAL,COLOMBIA,1,24,20,35,59,60,69,70,10,1000,SAMPLE,12,true,0,2025-12-02T01:28:42.528Z,2025-12-02T01:28:42.528Z,ANAEROBIC,,
692e40ca5ac7e53e5bf9ef87,Felipe Arcila - Jardines Del Eden,EXOTICS,SIDRA,NATURAL,COLOMBIA,1,24,20,35,59,60,69,70,10,1000,SAMPLE,12,true,0,2025-12-02T01:28:42.528Z,2025-12-02T01:28:42.528Z,LACTIC,,
692e40ca5ac7e53e5bf9ef89,Albeiro Lugo -,EXOTICS,PINK_BOURBON,WASHED,COLOMBIA,1,35,20,24,59,60,69,70,10,1000,SAMPLE,12,true,0,2025-12-02T01:28:42.528Z,2025-12-02T01:28:42.528Z,EF2,,
692e40ca5ac7e53e5bf9ef8b,Luz Helena Salazar - Maracay,EXOTICS,PINK_BOURBON,NATURAL,COLOMBIA,1,24,20,35,59,60,69,70,10,1000,SAMPLE,12,true,0,2025-12-02T01:28:42.528Z,2025-12-02T01:28:42.528Z,EF2,,
692e40ca5ac7e53e5bf9ef8e,Jairo Arcila - Santa Monica,EXPERIMENTALS,PINK_BOURBON,HONEY,COLOMBIA,1,24,20,35,59,60,69,70,10,1000,SAMPLE,12,true,0,2025-12-02T01:28:42.528Z,2025-12-02T01:28:42.528Z,WINE_YEAST_STRAWBERRY,,
692e40ca5ac7e53e5bf9ef92,Honey Aponte,MICROLOTS,MIX,HONEY,COLOMBIA,7.5,70,20,24,35,59,60,69,10,1000,SAMPLE,12,true,0,2025-12-02T01:28:42.528Z,2026-01-22T15:37:57.963Z,,"CARAMELIZED DRIED FRUITS, YELLOW FRUITS,  CARDAMOM, PANELA, CITRIC ACIDITY",87
692e40ca5ac7e53e5bf9ef9d,Capim Seco,REGIONALS,MIX,NATURAL,BRAZIL,1,59,20,24,35,60,69,70,10,1000,SAMPLE,12,true,0,2025-12-02T01:28:42.528Z,2025-12-02T01:28:42.528Z,,,
692e40ca5ac7e53e5bf9ef9f,Luz Helena Salazar - Maracay,MICROLOTS,CATURRA,WASHED,COLOMBIA,1,70,20,24,35,59,60,69,10,1000,SAMPLE,12,true,0,2025-12-02T01:28:42.528Z,2025-12-02T01:28:42.528Z,,,
692e40ca5ac7e53e5bf9efa2,Jairo Arcila - Villarazo,MICROLOTS,PINK_BOURBON,NATURAL,COLOMBIA,1,24,20,35,59,60,69,70,10,1000,SAMPLE,12,true,0,2025-12-02T01:28:42.528Z,2025-12-02T01:28:42.528Z,DECAFFEINATED,,
692e40ca5ac7e53e5bf9efa5,Jairo Arcila - Santa Monica,EXOTICS,CHIROSO_BOURBON,NATURAL,COLOMBIA,1,24,20,35,59,60,69,70,10,1000,SAMPLE,12,true,0,2025-12-02T01:28:42.528Z,2025-12-02T01:28:42.528Z,,,
692e40ca5ac7e53e5bf9efba,Jairo Arcila - Santa Monica,EXOTICS,SUDAN_RUME,NATURAL,COLOMBIA,1,24,20,35,59,60,69,70,10,1000,SAMPLE,12,true,0,2025-12-02T01:28:42.528Z,2025-12-02T01:28:42.528Z,,,
692e40ca5ac7e53e5bf9efc1,Jairo Arcila - Buenos Aires,EXPERIMENTALS,CASTILLO,HONEY,COLOMBIA,1,24,20,35,59,60,69,70,10,1000,SAMPLE,12,true,0,2025-12-02T01:28:42.528Z,2025-12-02T01:28:42.528Z,WINE_YEAST_BAA,,
692e40ca5ac7e53e5bf9efc8,Jairo Arcila - Santa Monica,EXPERIMENTALS,CASTILLO,NATURAL,COLOMBIA,1,24,20,35,59,60,69,70,10,1000,SAMPLE,12,true,0,2025-12-02T01:28:42.528Z,2025-12-02T01:28:42.528Z,RUM_AGED,,
692e40ca5ac7e53e5bf9efd3,Jairo Arcila - Santa Monica,EXOTICS,JAVA,NATURAL,COLOMBIA,1,35,20,24,59,60,69,70,10,1000,SAMPLE,12,true,0,2025-12-02T01:28:42.529Z,2025-12-02T01:28:42.529Z,EF2,,
692e40ca5ac7e53e5bf9efd6,Luis Anibal Calderon - Villa Betulia,EXOTICS,MARAGESHA,NATURAL,COLOMBIA,1,24,20,35,59,60,69,70,10,1000,SAMPLE,12,true,0,2025-12-02T01:28:42.529Z,2025-12-02T01:28:42.529Z,CM,,
692e40ca5ac7e53e5bf9efdb,Felipe Arcila - Jardines del Eden,EXOTICS,YELLOW_GESHA,NATURAL,COLOMBIA,1,24,20,35,59,60,69,70,10,1000,SAMPLE,12,true,0,2025-12-02T01:28:42.529Z,2025-12-02T01:28:42.529Z,EF2,,
692e40ca5ac7e53e5bf9efe4,Jairo Arcila - Santa Monica,EXOTICS,SIDRA,WASHED,COLOMBIA,1,24,20,35,59,60,69,70,10,1000,SAMPLE,12,true,0,2025-12-02T01:28:42.529Z,2025-12-02T01:28:42.529Z,,,
692e40ca5ac7e53e5bf9efe5,Paola Trujillo - Patio Bonito,EXOTICS,WUSH_WUSH,WASHED,COLOMBIA,1,24,20,35,59,60,69,70,10,1000,SAMPLE,12,true,0,2025-12-02T01:28:42.529Z,2025-12-02T01:28:42.529Z,,,
692e40ca5ac7e53e5bf9efe6,Luis Anibal Calderon - Villa Betulia,EXOTICS,OMBLIGON,NATURAL,COLOMBIA,1,24,20,35,59,60,69,70,10,1000,SAMPLE,12,true,0,2025-12-02T01:28:42.529Z,2025-12-02T01:28:42.529Z,,,
692e40ca5ac7e53e5bf9efe7,Jairo Arcila - Santa Monica,EXPERIMENTALS,CASTILLO,HONEY,COLOMBIA,1,24,20,35,59,60,69,70,10,1000,SAMPLE,12,true,0,2025-12-02T01:28:42.529Z,2025-12-02T01:28:42.529Z,WINE_YEAST_GREEN_APPLE,,
692e40ca5ac7e53e5bf9efea,Luis Anibal Calderon - Villa Betulia,EXOTICS,CATURRON,NATURAL,COLOMBIA,1,24,20,35,59,60,69,70,10,1000,SAMPLE,12,true,0,2025-12-02T01:28:42.529Z,2025-12-02T01:28:42.529Z,,,
692e40ca5ac7e53e5bf9efec,Jairo Arcila - Santa Monica,EXPERIMENTALS,CATURRA,HONEY,COLOMBIA,1,24,20,35,59,60,69,70,10,1000,SAMPLE,12,true,0,2025-12-02T01:28:42.529Z,2025-12-02T01:28:42.529Z,WINE_YEAST_DRAGON_FRUIT,,
692e40ca5ac7e53e5bf9eec6,Popayan Reserve,RESERVE_PROGRAMS,MIX,WASHED,COLOMBIA,1,70,20,24,35,59,60,69,10,1000,SAMPLE,12,true,0,2025-12-02T01:28:42.526Z,2025-12-02T01:28:42.526Z,,,
692e40ca5ac7e53e5bf9eec9,San Vicente,REGIONALS_PLUS,MIX,WASHED,COLOMBIA,1,70,20,24,35,59,60,69,10,1000,SAMPLE,12,true,0,2025-12-02T01:28:42.526Z,2025-12-02T01:28:42.526Z,,,
692e40ca5ac7e53e5bf9eed1,Andres Guaca - La Bandida,MICROLOTS,TABI,HONEY,COLOMBIA,1,35,20,24,59,60,69,70,10,1000,SAMPLE,12,true,0,2025-12-02T01:28:42.526Z,2025-12-02T01:28:42.526Z,ANAEROBIC,,
692e40ca5ac7e53e5bf9eed2,Sebastian Gomez - La Divisa,EXOTICS,PINK_BOURBON,HONEY,COLOMBIA,1,35,20,24,59,60,69,70,10,1000,SAMPLE,12,true,0,2025-12-02T01:28:42.526Z,2025-12-02T01:28:42.526Z,DOUBLE_ANAEROBIC,,
692e40ca5ac7e53e5bf9eed7,Andres Ramirez - El Laguito,MICROLOTS,CATURRA,HONEY,COLOMBIA,1,35,20,24,59,60,69,70,10,1000,SAMPLE,12,true,0,2025-12-02T01:28:42.527Z,2025-12-02T01:28:42.527Z,ANAEROBIC,,
692e40ca5ac7e53e5bf9eed9,Albeiro Granada - El Cañal,MICROLOTS,CATURRA,WASHED,COLOMBIA,1,35,20,24,59,60,69,70,10,1000,SAMPLE,12,true,0,2025-12-02T01:28:42.527Z,2025-12-02T01:28:42.527Z,,,
692e40ca5ac7e53e5bf9eedd,Luis Anibal Calderon - Villa Betulia,EXOTICS,PINK_BOURBON,HONEY,COLOMBIA,1,35,20,24,59,60,69,70,10,1000,SAMPLE,12,true,0,2025-12-02T01:28:42.527Z,2025-12-02T01:28:42.527Z,,,
692e40ca5ac7e53e5bf9eee0,Camilo Encizo - El Triunfo,MICROLOTS,CASTILLO,WASHED,COLOMBIA,1,35,20,24,59,60,69,70,10,1000,SAMPLE,12,true,0,2025-12-02T01:28:42.527Z,2025-12-02T01:28:42.527Z,,,
692e40ca5ac7e53e5bf9eee4,Luis Anibal Calderon - Villa Betulia,EXOTICS,CATURRON,WASHED,COLOMBIA,1,24,20,35,59,60,69,70,10,1000,SAMPLE,12,true,0,2025-12-02T01:28:42.527Z,2025-12-02T01:28:42.527Z,ANAEROBIC,,
692e40ca5ac7e53e5bf9eee7,Luis Anibal Calderon - Villa Betulia,EXOTICS,CATURRON,WASHED,COLOMBIA,1,24,20,35,59,60,69,70,10,1000,SAMPLE,12,true,0,2025-12-02T01:28:42.527Z,2025-12-02T01:28:42.527Z,LACTIC,,
692e40ca5ac7e53e5bf9eee9,Jairo Arcila - Villarazo,EXPERIMENTALS,PINK_BOURBON,NATURAL,COLOMBIA,1,24,20,35,59,60,69,70,10,1000,SAMPLE,12,true,0,2025-12-02T01:28:42.527Z,2025-12-02T01:28:42.527Z,MANDARINE,,
692e40ca5ac7e53e5bf9eeea,Rafael Amaya - La Virginia,EXOTICS,PINK_BOURBON,WASHED,COLOMBIA,1,24,20,35,59,60,69,70,10,1000,SAMPLE,12,true,0,2025-12-02T01:28:42.527Z,2025-12-02T01:28:42.527Z,CM,,
692e40ca5ac7e53e5bf9eeef,Nectario Zuñiga - El Altico,EXOTICS,TYPICA,NATURAL,COLOMBIA,1,24,20,35,59,60,69,70,10,1000,SAMPLE,12,true,0,2025-12-02T01:28:42.527Z,2025-12-02T01:28:42.527Z,LACTIC,,
692e40ca5ac7e53e5bf9eef5,Carlos Cadavid - La Bretaña,EXOTICS,JAVA,NATURAL,COLOMBIA,1,24,20,35,59,60,69,70,10,1000,SAMPLE,12,true,0,2025-12-02T01:28:42.527Z,2025-12-02T01:28:42.527Z,CM,,
692e40ca5ac7e53e5bf9eef7,Jairo Arcila - Buenos Aires,MICROLOTS,TABI,NATURAL,COLOMBIA,1,35,20,24,59,60,69,70,10,1000,SAMPLE,12,true,0,2025-12-02T01:28:42.527Z,2025-12-02T01:28:42.527Z,ANAEROBIC,,
692e40ca5ac7e53e5bf9eefa,Jairo Ivan Lopez - La Estrella,EXOTICS,GESHA,NATURAL,COLOMBIA,1,24,20,35,59,60,69,70,10,1000,SAMPLE,12,true,0,2025-12-02T01:28:42.527Z,2025-12-02T01:28:42.527Z,CM,,
692e40ca5ac7e53e5bf9eefb,Jairo Ivan Lopez - La Estrella,EXOTICS,GESHA,HONEY,COLOMBIA,1,24,20,35,59,60,69,70,10,1000,SAMPLE,12,true,0,2025-12-02T01:28:42.527Z,2025-12-02T01:28:42.527Z,CM,,
692e40ca5ac7e53e5bf9eefc,Ignacio Rodriguez - La Palmera,EXPERIMENTALS,VARIEDAD_COLOMBIA,NATURAL,COLOMBIA,1,24,20,35,59,60,69,70,10,1000,SAMPLE,12,true,0,2025-12-02T01:28:42.527Z,2025-12-02T01:28:42.527Z,RUM_AGED,,
692e40ca5ac7e53e5bf9ef04,La Flecha,MICROLOTS,MIX,HONEY,COLOMBIA,1,35,20,24,59,60,69,70,10,1000,SAMPLE,12,true,0,2025-12-02T01:28:42.527Z,2025-12-02T01:28:42.527Z,,,
692e40ca5ac7e53e5bf9ef0c,Felipe Arcila - Jardines del Eden,MICROLOTS,CASTILLO,NATURAL,COLOMBIA,1,24,20,35,59,60,69,70,10,1000,SAMPLE,12,true,0,2025-12-02T01:28:42.527Z,2025-12-02T01:28:42.527Z,ICE_FERMENTATION,,
692e40ca5ac7e53e5bf9ef10,Jairo Arcila - Villarazo,EXOTICS,SUDAN_RUME,NATURAL,COLOMBIA,1,24,20,35,59,60,69,70,10,1000,SAMPLE,12,true,0,2025-12-02T01:28:42.527Z,2025-12-02T01:28:42.527Z,EF2,,
692e40ca5ac7e53e5bf9ef11,Jairo Arcila - Villarazo,EXOTICS,PINK_BOURBON,NATURAL,COLOMBIA,1,24,20,35,59,60,69,70,10,1000,SAMPLE,12,true,0,2025-12-02T01:28:42.527Z,2025-12-02T01:28:42.527Z,ICE_FERMENTATION,,
692e40ca5ac7e53e5bf9ef19,Jairo Arcila - Santa Monica,EXPERIMENTALS,CASTILLO,HONEY,COLOMBIA,1,24,20,35,59,60,69,70,10,1000,SAMPLE,12,true,0,2025-12-02T01:28:42.527Z,2025-12-02T01:28:42.527Z,WINE_YEAST_PASSION_FRUIT,,
692e40ca5ac7e53e5bf9ef1d,Jairo Arcila - Santa Monica,MICROLOTS,CASTILLO,NATURAL,COLOMBIA,1,35,20,24,59,60,69,70,10,1000,SAMPLE,12,true,0,2025-12-02T01:28:42.527Z,2025-12-02T01:28:42.527Z,EF2,,
692e40ca5ac7e53e5bf9ef1f,Carlos Amariles - El Topacio,MICROLOTS,TABI,NATURAL,COLOMBIA,1,35,20,24,59,60,69,70,10,1000,SAMPLE,12,true,0,2025-12-02T01:28:42.527Z,2025-12-02T01:28:42.527Z,DOUBLE_ANAEROBIC,,
692e40ca5ac7e53e5bf9ef22,Rafael Amaya - La Virginia,MICROLOTS,CATURRA,NATURAL,COLOMBIA,1,35,20,24,59,60,69,70,10,1000,SAMPLE,12,true,0,2025-12-02T01:28:42.527Z,2025-12-02T01:28:42.527Z,200_HOURS,,
692e40ca5ac7e53e5bf9ef28,Carlos Amariles - El Topacio,MICROLOTS,TABI,WASHED,COLOMBIA,1,35,20,24,59,60,69,70,10,1000,SAMPLE,12,true,0,2025-12-02T01:28:42.527Z,2025-12-02T01:28:42.527Z,EF,,
692e40ca5ac7e53e5bf9ef2a,Jose Yara - El Peñon,MICROLOTS,CASTILLO,WASHED,COLOMBIA,1,35,20,24,59,60,69,70,10,1000,SAMPLE,12,true,0,2025-12-02T01:28:42.527Z,2025-12-02T01:28:42.527Z,,,
692e40ca5ac7e53e5bf9ef30,Smallholders,MICROLOTS,MIX,HONEY,COLOMBIA,1,35,20,24,59,60,69,70,10,1000,SAMPLE,12,true,0,2025-12-02T01:28:42.527Z,2025-12-02T01:28:42.527Z,,,
692e40ca5ac7e53e5bf9ef36,Jairo Arcila - Villarazo,EXPERIMENTALS,PINK_BOURBON,HONEY,COLOMBIA,1,24,20,35,59,60,69,70,10,1000,SAMPLE,12,true,0,2025-12-02T01:28:42.527Z,2025-12-02T01:28:42.527Z,TARTARIC_ACID_ORANGE,,
692e40ca5ac7e53e5bf9ef3a,Tulio Adame - El Congal,MICROLOTS,CATURRA,WASHED,COLOMBIA,1,35,20,24,59,60,69,70,10,1000,SAMPLE,12,true,0,2025-12-02T01:28:42.527Z,2025-12-02T01:28:42.527Z,,,
692e40ca5ac7e53e5bf9ef3e,Javier Rubio - El Libano,EXOTICS,SAN_BERNARDO,NATURAL,COLOMBIA,1,35,20,24,59,60,69,70,10,1000,SAMPLE,12,true,0,2025-12-02T01:28:42.527Z,2025-12-02T01:28:42.527Z,,,
692e40ca5ac7e53e5bf9ef43,Luz Helena Salazar - La Leona,EXPERIMENTALS,CASTILLO,NATURAL,COLOMBIA,1,24,20,35,59,60,69,70,10,1000,SAMPLE,12,true,0,2025-12-02T01:28:42.527Z,2025-12-02T01:28:42.527Z,MANDARINE,,
692e40ca5ac7e53e5bf9ef44,Jairo Arcila - Castellon,EXOTICS,GESHA,WASHED,COLOMBIA,1,24,20,35,59,60,69,70,10,1000,SAMPLE,12,true,0,2025-12-02T01:28:42.527Z,2025-12-02T01:28:42.527Z,CM,,
692e40ca5ac7e53e5bf9ef49,Luz Helena Salazar - Maracay,MICROLOTS,CASTILLO,NATURAL,COLOMBIA,1,24,20,35,59,60,69,70,10,1000,SAMPLE,12,true,0,2025-12-02T01:28:42.527Z,2025-12-02T01:28:42.527Z,EF2,,
692e40ca5ac7e53e5bf9ef4a,Miguel Dominguez - El Oasis,EXOTICS,TYPICA,NATURAL,COLOMBIA,1,24,20,35,59,60,69,70,10,1000,SAMPLE,12,true,0,2025-12-02T01:28:42.527Z,2025-12-02T01:28:42.527Z,ANAEROBIC,,
692e40ca5ac7e53e5bf9ef55,Luz Helena Salazar - Maracay,MICROLOTS,CATURRA,NATURAL,COLOMBIA,1,35,20,24,59,60,69,70,10,1000,SAMPLE,12,true,0,2025-12-02T01:28:42.528Z,2025-12-02T01:28:42.528Z,CM,,
692e40ca5ac7e53e5bf9ef59,Jairo Arcila - Santa Monica,EXPERIMENTALS,CATURRA,HONEY,COLOMBIA,1,24,20,35,59,60,69,70,10,1000,SAMPLE,12,true,0,2025-12-02T01:28:42.528Z,2025-12-02T01:28:42.528Z,WINE_YEAST_PEACH,,
692e40ca5ac7e53e5bf9ef5a,Jairo Arcila - Santa Monica,EXOTICS,SIDRA,WASHED,COLOMBIA,1,24,20,35,59,60,69,70,10,1000,SAMPLE,12,true,0,2025-12-02T01:28:42.528Z,2025-12-02T01:28:42.528Z,ANAEROBIC,,
692e40ca5ac7e53e5bf9ef5c,Johan Vergara - Las Flores,EXOTICS,GESHA,WASHED,COLOMBIA,1,24,20,35,59,60,69,70,10,1000,SAMPLE,12,true,0,2025-12-02T01:28:42.528Z,2025-12-02T01:28:42.528Z,ANAEROBIC,,
692e40ca5ac7e53e5bf9ef5e,Norbey Quimbayo - La esmeralda,EXOTICS,GESHA,WASHED,COLOMBIA,1,24,20,35,59,60,69,70,10,1000,SAMPLE,12,true,0,2025-12-02T01:28:42.528Z,2025-12-02T01:28:42.528Z,CM,,
692e40ca5ac7e53e5bf9ef5f,Luis Anibal Calderon - Villa Betulia,EXOTICS,PAPAYO,WASHED,COLOMBIA,1,24,20,35,59,60,69,70,10,1000,SAMPLE,12,true,0,2025-12-02T01:28:42.528Z,2025-12-02T01:28:42.528Z,ANAEROBIC,,
692e40ca5ac7e53e5bf9ef62,Wilder Lasso - El Rubi,MICROLOTS,CATURRA,WASHED,COLOMBIA,1,24,20,35,59,60,69,70,10,1000,SAMPLE,12,true,0,2025-12-02T01:28:42.528Z,2025-12-02T01:28:42.528Z,LACTIC,,
692e40ca5ac7e53e5bf9ef64,Jairo Arcila - Villarazo,EXPERIMENTALS,PINK_BOURBON,HONEY,COLOMBIA,1,24,20,35,59,60,69,70,10,1000,SAMPLE,12,true,0,2025-12-02T01:28:42.528Z,2025-12-02T01:28:42.528Z,TARTARIC_ACID_CINNAMON,,
692e40ca5ac7e53e5bf9ef69,Jairo Arcila - Santa Monica,SINGLE_ESTATES,CATURRA,WASHED,COLOMBIA,1,70,20,24,35,59,60,69,10,1000,SAMPLE,12,true,0,2025-12-02T01:28:42.528Z,2025-12-02T01:28:42.528Z,,,
692e40ca5ac7e53e5bf9ef6d,Jairo Arcila - Buenos Aires,MICROLOTS,CASTILLO,NATURAL,COLOMBIA,1,35,20,24,59,60,69,70,10,1000,SAMPLE,12,true,0,2025-12-02T01:28:42.528Z,2025-12-02T01:28:42.528Z,DECAFFEINATED,,
692e40ca5ac7e53e5bf9ef73,Jairo Arcila - Casa Negra,SINGLE_ESTATES,CATURRA,WASHED,COLOMBIA,1,35,20,24,59,60,69,70,10,1000,SAMPLE,12,true,0,2025-12-02T01:28:42.528Z,2025-12-02T01:28:42.528Z,,,
692e40ca5ac7e53e5bf9ef79,Jairo Arcila - Santa Monica,EXPERIMENTALS,CATURRA,HONEY,COLOMBIA,1,24,20,35,59,60,69,70,10,1000,SAMPLE,12,true,0,2025-12-02T01:28:42.528Z,2025-12-02T01:28:42.528Z,WINE_YEAST_STRAWBERRY,,
692e40ca5ac7e53e5bf9ef7d,Felipe Arcila - Jardines del Eden,EXOTICS,LAURINHA,NATURAL,COLOMBIA,1,24,20,35,59,60,69,70,10,1000,SAMPLE,12,true,0,2025-12-02T01:28:42.528Z,2025-12-02T01:28:42.528Z,LACTIC,,
692e40ca5ac7e53e5bf9ef7f,Jairo Arcila - Santa Monica,EXPERIMENTALS,CASTILLO,HONEY,COLOMBIA,1,24,20,35,59,60,69,70,10,1000,SAMPLE,12,true,0,2025-12-02T01:28:42.528Z,2025-12-02T01:28:42.528Z,WINE_YEAST_PEACH,,
692e40ca5ac7e53e5bf9ef81,Sebastian Gomez - La Divisa,EXOTICS,PINK_BOURBON,WASHED,COLOMBIA,1,24,20,35,59,60,69,70,10,1000,SAMPLE,12,true,0,2025-12-02T01:28:42.528Z,2025-12-02T01:28:42.528Z,ANAEROBIC,,
692e40ca5ac7e53e5bf9ef83,Jairo Arcila - Castellon,EXOTICS,GESHA,NATURAL,COLOMBIA,1,24,20,35,59,60,69,70,10,1000,SAMPLE,12,true,0,2025-12-02T01:28:42.528Z,2025-12-02T01:28:42.528Z,CM,,
692e40ca5ac7e53e5bf9ef8c,Leonid Ramirez - La Cortina De Hierro,MICROLOTS,TABI,WASHED,COLOMBIA,1,24,20,35,59,60,69,70,10,1000,SAMPLE,12,true,0,2025-12-02T01:28:42.528Z,2025-12-02T01:28:42.528Z,EF,,
692e40ca5ac7e53e5bf9ef8d,Luis Anibal Calderon - Villa Betulia,EXOTICS,YELLOW_PACAMARA,NATURAL,COLOMBIA,1,24,20,35,59,60,69,70,10,1000,SAMPLE,12,true,0,2025-12-02T01:28:42.528Z,2025-12-02T01:28:42.528Z,LACTIC,,
692e40ca5ac7e53e5bf9ef8f,Luis Anibal Calderon - Villa Betulia,EXOTICS,PINK_BOURBON,WASHED,COLOMBIA,1,70,20,24,35,59,60,69,10,1000,SAMPLE,12,true,0,2025-12-02T01:28:42.528Z,2025-12-02T01:28:42.528Z,LACTIC,,
692e40ca5ac7e53e5bf9ef90,Jairo Arcila - Buenos Aires,MICROLOTS,PINK_BOURBON,NATURAL,COLOMBIA,1,70,20,24,35,59,60,69,10,1000,SAMPLE,12,true,0,2025-12-02T01:28:42.528Z,2025-12-02T01:28:42.528Z,DECAFFEINATED,,
692e40ca5ac7e53e5bf9ef91,Albeiro Lugo -,EXOTICS,PINK_BOURBON,WASHED,COLOMBIA,1,35,20,24,59,60,69,70,10,1000,SAMPLE,12,true,0,2025-12-02T01:28:42.528Z,2025-12-02T01:28:42.528Z,EF,,
692e40ca5ac7e53e5bf9ef94,Sebastian Gomez - La Divisa,MICROLOTS,PINK_BOURBON,WASHED,COLOMBIA,1,24,20,35,59,60,69,70,10,1000,SAMPLE,12,true,0,2025-12-02T01:28:42.528Z,2025-12-02T01:28:42.528Z,ANAEROBIC,,
692e40ca5ac7e53e5bf9ef97,Jairo Arcila - Santa Monica,EXPERIMENTALS,CATURRA,HONEY,COLOMBIA,1,24,20,35,59,60,69,70,10,1000,SAMPLE,12,true,0,2025-12-02T01:28:42.528Z,2025-12-02T01:28:42.528Z,WINE_YEAST_LULO,,
692e40ca5ac7e53e5bf9ef99,Jairo Arcila - Santa Monica,EXPERIMENTALS,CATURRA,HONEY,COLOMBIA,1,24,20,35,59,60,69,70,10,1000,SAMPLE,12,true,0,2025-12-02T01:28:42.528Z,2025-12-02T01:28:42.528Z,WINE_YEAST_RED_FRUITS,,
692e40ca5ac7e53e5bf9ef9a,Jairo Arcila - Santa Monica,EXPERIMENTALS,CASTILLO,HONEY,COLOMBIA,1,24,20,35,59,60,69,70,10,1000,SAMPLE,12,true,0,2025-12-02T01:28:42.528Z,2025-12-02T01:28:42.528Z,WINE_YEAST_LYCHEE,,
692e40ca5ac7e53e5bf9efa7,Galeras,REGIONALS,MIX,WASHED,COLOMBIA,1,70,20,24,35,59,60,69,10,1000,SAMPLE,12,true,0,2025-12-02T01:28:42.528Z,2025-12-02T01:28:42.528Z,,,
692e40ca5ac7e53e5bf9efa9,El Indio,MICROLOTS,MIX,NATURAL,COLOMBIA,1,70,20,24,35,59,60,69,10,1000,SAMPLE,12,true,0,2025-12-02T01:28:42.528Z,2025-12-02T01:28:42.528Z,,,
692e40ca5ac7e53e5bf9efaa,Albeiro Lugo - San Pedro,MICROLOTS,PINK_BOURBON,WASHED,COLOMBIA,1,35,20,24,59,60,69,70,10,1000,SAMPLE,12,true,0,2025-12-02T01:28:42.528Z,2026-02-05T15:16:02.515Z,,,
692e40ca5ac7e53e5bf9eff5,Luz Helena Salazar - La Leona,EXOTICS,PINK_BOURBON,WASHED,COLOMBIA,1,24,20,35,59,60,69,70,10,1000,SAMPLE,12,true,0,2025-12-02T01:28:42.529Z,2025-12-02T01:28:42.529Z,,,
692e40ca5ac7e53e5bf9effa,Paola Trujillo - Patio Bonito,EXOTICS,PINK_BOURBON,WASHED,COLOMBIA,1,24,20,35,59,60,69,70,10,1000,SAMPLE,12,true,0,2025-12-02T01:28:42.529Z,2025-12-02T01:28:42.529Z,,,
692e40ca5ac7e53e5bf9effb,Arturo Arango - El Paraiso,MICROLOTS,CASTILLO,WASHED,COLOMBIA,1,24,20,35,59,60,69,70,10,1000,SAMPLE,12,true,0,2025-12-02T01:28:42.529Z,2025-12-02T01:28:42.529Z,,,
692e40ca5ac7e53e5bf9f000,Paola Trujillo - Patio Bonito,EXOTICS,SIDRA,WASHED,COLOMBIA,1,24,20,35,59,60,69,70,10,1000,SAMPLE,12,true,0,2025-12-02T01:28:42.529Z,2025-12-02T01:28:42.529Z,,,
692e40ca5ac7e53e5bf9f004,Jairo Arcila,EXPERIMENTALS,CASTILLO,WASHED,COLOMBIA,1,24,20,35,59,60,69,70,10,1000,SAMPLE,12,true,0,2025-12-02T01:28:42.529Z,2025-12-02T01:28:42.529Z,WINE_YEAST_LYCHEE,,
692e40ca5ac7e53e5bf9f006,Araponga,REGIONALS,CATUAI_TYPICA,NATURAL,BRAZIL,1,59,20,24,35,60,69,70,10,1000,SAMPLE,12,true,0,2025-12-02T01:28:42.529Z,2025-12-02T01:28:42.529Z,,,
692e40ca5ac7e53e5bf9f00a,El Progreso,REGIONALS,MIX,WASHED,HONDURAS,1,69,20,24,35,59,60,70,10,1000,SAMPLE,12,true,0,2025-12-02T01:28:42.529Z,2025-12-02T01:28:42.529Z,,,
692e40ca5ac7e53e5bf9f00b,Roatan Plus,REGIONALS_PLUS,MIX,WASHED,HONDURAS,1,69,20,24,35,59,60,70,10,1000,SAMPLE,12,true,0,2025-12-02T01:28:42.529Z,2025-12-02T01:28:42.529Z,,,
692e40ca5ac7e53e5bf9f00c,Sebastian Gomez - La Divisa,EXPERIMENTALS,GESHA,NATURAL,COLOMBIA,1,24,20,35,59,60,69,70,10,1000,SAMPLE,12,true,0,2025-12-02T01:28:42.529Z,2025-12-02T01:28:42.529Z,DRAGON_FRUIT,,
692e40ca5ac7e53e5bf9f00e,Jairo Arcila - Castellon,EXOTICS,ARUZI,WASHED,COLOMBIA,1,24,20,35,59,60,69,70,10,1000,SAMPLE,12,true,0,2025-12-02T01:28:42.529Z,2025-12-02T01:28:42.529Z,,,
692e40ca5ac7e53e5bf9f013,Jairo Arcila - Santa Monica,EXPERIMENTALS,CASTILLO,HONEY,COLOMBIA,1,24,20,35,59,60,69,70,10,1000,SAMPLE,12,true,0,2025-12-02T01:28:42.529Z,2025-12-02T01:28:42.529Z,WINE_YEAST_COCOPEACH,,
692e40ca5ac7e53e5bf9f01f,Paola Trujillo - Patio Bonito,EXOTICS,TYPICA,WASHED,COLOMBIA,1,24,20,35,59,60,69,70,10,1000,SAMPLE,12,true,0,2025-12-02T01:28:42.529Z,2025-12-02T01:28:42.529Z,,,
692e40ca5ac7e53e5bf9f023,Luis Anibal Calderon - Villa Betulia,EXOTICS,PINK_BOURBON,NATURAL,COLOMBIA,1,24,20,35,59,60,69,70,10,1000,SAMPLE,12,true,0,2025-12-02T01:28:42.529Z,2025-12-02T01:28:42.529Z,ANAEROBIC,,
692e40ca5ac7e53e5bf9f025,Brayan Smith,EXOTICS,RED_BOURBON,NATURAL,COLOMBIA,1,70,20,24,35,59,60,69,10,1000,SAMPLE,12,true,0,2025-12-02T01:28:42.529Z,2025-12-02T01:28:42.529Z,EF2,,
692e40ca5ac7e53e5bf9f027,Jairo Arcila - Santa Monica,EXPERIMENTALS,CASTILLO,WASHED,COLOMBIA,1,24,20,35,59,60,69,70,10,1000,SAMPLE,12,true,0,2025-12-02T01:28:42.529Z,2025-12-02T01:28:42.529Z,WINE_YEAST_PASSION_FRUIT,,
692e40ca5ac7e53e5bf9f02a,Santiago Patiño - El Ocaso,EXOTICS,TABI,WASHED,COLOMBIA,1,35,20,24,59,60,69,70,10,1000,SAMPLE,12,true,0,2025-12-02T01:28:42.529Z,2025-12-02T01:28:42.529Z,,,
692e40ca5ac7e53e5bf9f02d,Luz Helena Salazar - Maracay,MICROLOTS,CATURRA,NATURAL,COLOMBIA,1,70,20,24,35,59,60,69,10,1000,SAMPLE,12,true,0,2025-12-02T01:28:42.529Z,2025-12-02T01:28:42.529Z,,,
692e40ca5ac7e53e5bf9f030,Paola Trujillo - Patio Bonito,MICROLOTS,CASTILLO,WASHED,COLOMBIA,1,35,20,24,59,60,69,70,10,1000,SAMPLE,12,true,0,2025-12-02T01:28:42.529Z,2025-12-02T01:28:42.529Z,,,
692e40ca5ac7e53e5bf9f035,Felipe Arcila - Jardines del Encanto,EXOTICS,MARAGESHA,NATURAL,COLOMBIA,1,24,20,35,59,60,69,70,10,1000,SAMPLE,12,true,0,2025-12-02T01:28:42.529Z,2025-12-02T01:28:42.529Z,EF2,,
692e40ca5ac7e53e5bf9f036,Diofanor Ruiz - La Divisa,EXOTICS,JAVA,NATURAL,COLOMBIA,1,24,20,35,59,60,69,70,10,1000,SAMPLE,12,true,0,2025-12-02T01:28:42.529Z,2025-12-02T01:28:42.529Z,CM,,
692e40ca5ac7e53e5bf9f03d,Sarava - Cerrado,REGIONALS,MIX,NATURAL,BRAZIL,1,59,20,24,35,60,69,70,10,1000,SAMPLE,12,true,0,2025-12-02T01:28:42.529Z,2025-12-02T01:28:42.529Z,,,
692e40ca5ac7e53e5bf9f042,Sebastian Gomez - La Divisa,EXPERIMENTALS,PINK_BOURBON,HONEY,COLOMBIA,1,24,20,35,59,60,69,70,10,1000,SAMPLE,12,true,0,2025-12-02T01:28:42.529Z,2025-12-02T01:28:42.529Z,WINE_YEAST_LYCHEE,,
692e40ca5ac7e53e5bf9f043,Jairo Arcila - Santa Monica,EXPERIMENTALS,CASTILLO,WASHED,COLOMBIA,1,24,20,35,59,60,69,70,10,1000,SAMPLE,12,true,0,2025-12-02T01:28:42.529Z,2025-12-02T01:28:42.529Z,WINE_YEAST_PEACH,,
692e40ca5ac7e53e5bf9f048,Jairo Arcila - Santa Monica,MICROLOTS,CATURRA_DECAF,WASHED,COLOMBIA,1,70,20,24,35,59,60,69,10,1000,SAMPLE,12,true,0,2025-12-02T01:28:42.529Z,2025-12-02T01:28:42.529Z,,,
692e40ca5ac7e53e5bf9f04a,Jairo Arcila - Villarazo,EXOTICS,PINK_BOURBON,NATURAL,COLOMBIA,1,24,20,35,59,60,69,70,10,1000,SAMPLE,12,true,0,2025-12-02T01:28:42.529Z,2025-12-02T01:28:42.529Z,,,
692e40ca5ac7e53e5bf9f04b,Luz Helena Salazar - La Leona,EXOTICS,PINK_BOURBON,NATURAL,COLOMBIA,1,24,20,35,59,60,69,70,10,1000,SAMPLE,12,true,0,2025-12-02T01:28:42.529Z,2025-12-02T01:28:42.529Z,,,
692e40ca5ac7e53e5bf9f04e,Luz Helena Salazar - Maracay,EXOTICS,GESHA,WASHED,COLOMBIA,1,24,20,35,59,60,69,70,10,1000,SAMPLE,12,true,0,2025-12-02T01:28:42.529Z,2025-12-02T01:28:42.529Z,,,
692e40ca5ac7e53e5bf9f04f,Jairo Arcila - Villarazo,EXOTICS,YELLOW_SUDAN_RUME,NATURAL,COLOMBIA,1,24,20,35,59,60,69,70,10,1000,SAMPLE,12,true,0,2025-12-02T01:28:42.529Z,2025-12-02T01:28:42.529Z,,,
692e40ca5ac7e53e5bf9f050,Jairo Arcila,MICROLOTS,CASTILLO,WASHED,COLOMBIA,1,35,20,24,59,60,69,70,10,1000,SAMPLE,12,true,0,2025-12-02T01:28:42.529Z,2025-12-02T01:28:42.529Z,,,
692e40ca5ac7e53e5bf9f056,Arturo Arango - El Paraiso,EXOTICS,TYPICA,NATURAL,COLOMBIA,1,24,20,35,59,60,69,70,10,1000,SAMPLE,12,true,0,2025-12-02T01:28:42.530Z,2025-12-02T01:28:42.530Z,,,
692e40ca5ac7e53e5bf9f058,Jairo Arcila - Santa Monica,EXPERIMENTALS,CASTILLO,HONEY,COLOMBIA,1,24,20,35,59,60,69,70,10,1000,SAMPLE,12,true,0,2025-12-02T01:28:42.530Z,2025-12-02T01:28:42.530Z,WINE_YEAST_RED_FRUIT,,
692e40ca5ac7e53e5bf9f05b,Jairo Arcila - Santa Monica,EXPERIMENTALS,CASTILLO,WASHED,COLOMBIA,1,24,20,35,59,60,69,70,10,1000,SAMPLE,12,true,0,2025-12-02T01:28:42.530Z,2025-12-02T01:28:42.530Z,CARDAMON,,
692e40ca5ac7e53e5bf9f060,Aricha Adorsi G2,REGIONALS,YIRGACHEFFE,WASHED,ETHIOPIA,1,60,20,24,35,59,69,70,10,1000,SAMPLE,12,true,0,2025-12-02T01:28:42.530Z,2025-12-02T01:28:42.530Z,,,
692e40ca5ac7e53e5bf9f061,Jairo Arcila - Santa Monica,EXOTICS,CASTILLO,HONEY,COLOMBIA,1,24,20,35,59,60,69,70,10,1000,SAMPLE,12,true,0,2025-12-02T01:28:42.530Z,2025-12-02T01:28:42.530Z,WINE_YEAST_PEACH,,
692e40ca5ac7e53e5bf9f06a,Felipe Arcila - Jardines del Encanto,EXOTICS,SIDRA,NATURAL,COLOMBIA,1,24,20,35,59,60,69,70,10,1000,SAMPLE,12,true,0,2025-12-02T01:28:42.530Z,2025-12-02T01:28:42.530Z,,,
692e40ca5ac7e53e5bf9f06b,Brayan Smith - Las Brisas,EXOTICS,PINK_BOURBON,WASHED,COLOMBIA,1,24,20,35,59,60,69,70,10,1000,SAMPLE,12,true,0,2025-12-02T01:28:42.530Z,2025-12-02T01:28:42.530Z,,,
692e40ca5ac7e53e5bf9f06d,Jairo Arcila - Buenos Aires,SINGLE_ESTATES,CATURRA,WASHED,COLOMBIA,1,70,20,24,35,59,60,69,10,1000,SAMPLE,12,true,0,2025-12-02T01:28:42.530Z,2025-12-02T01:28:42.530Z,,,
692e40ca5ac7e53e5bf9f071,Jairo Arcila - Castellon,EXOTICS,GESHA,NATURAL,COLOMBIA,1,24,20,35,59,60,69,70,10,1000,SAMPLE,12,true,0,2025-12-02T01:28:42.530Z,2025-12-02T01:28:42.530Z,,,
692e40ca5ac7e53e5bf9f073,Jairo Arcila - Santa Monica,EXPERIMENTALS,CASTILLO,WASHED,COLOMBIA,21,24,20,35,59,60,69,70,10,1000,SAMPLE,12,true,0,2025-12-02T01:28:42.530Z,2025-12-18T14:59:05.015Z,WATERMELON,,
6933046af68576ea655c274d,Jairo Arcila - Villarazo,EXOTICS,PINK_BOURBON,NATURAL,COLOMBIA,0,24,70,35,,,,,,,,,true,0,2025-12-05T16:12:26.697Z,2025-12-05T16:12:26.697Z,,,88
6933060ef68576ea655c28d1,Diofanor Ruiz - La Divisa,EXOTICS,GESHA,WASHED,COLOMBIA,0,24,35,70,,,,,,,,,true,0,2025-12-05T16:19:26.767Z,2025-12-05T16:19:26.767Z,,,89
693324e6f68576ea655c3710,Sebastian Gomez - La Divisa,MICROLOTS,CASTILLO,NATURAL,COLOMBIA,0,24,70,35,,,,,,,,,true,0,2025-12-05T18:31:02.781Z,2025-12-05T18:31:02.781Z,,,86
694415bc56df7741e330d8a3,Jairo Arcila - Santa Monica,EXPERIMENTALS,PINK_BOURBON,WASHED,COLOMBIA,25,24,35,70,,,,,,,,,true,0,2025-12-18T14:54:52.067Z,2025-12-18T14:54:52.067Z,,"Peach, white sugar, condensed milk,",88
6944160956df7741e330d8c2,Jairo Arcila - Santa Monica,EXPERIMENTALS,CASTILLO,WASHED,COLOMBIA,20,24,35,70,,,,,,,,,true,0,2025-12-18T14:56:09.350Z,2025-12-18T14:56:09.350Z,,,87
69441a9956df7741e330e083,Jairo Arcila - Santa Monica,EXPERIMENTALS,CASTILLO,WASHED,COLOMBIA,23,24,35,70,,,,,,,,,true,0,2025-12-18T15:15:37.076Z,2025-12-18T15:15:37.076Z,,,87
694426d6ea0c76a68bc22807,Marino Guevara Alejandria - San Antonio Huabal,MICROLOTS,MIX,NATURAL,PERU,1,35,,,,,,,,,,,true,0,2025-12-18T16:07:50.095Z,2025-12-18T16:10:46.362Z,,,
6977c0dc25f1e4f4c10b1174,Diofanor Ruíz - La Divisa - Java Natural CM 72h,MICROLOTS,JAVA,NATURAL,COLOMBIA,0,24,,,,,,,,,,,true,0,2026-01-26T19:30:36.930Z,2026-01-26T19:31:55.860Z,CM_72H,,
6984b34ece9ca90c6f8cc4aa,Jorge Osorio,MICROLOTS,VARIEDAD_COLOMBIA,WASHED,COLOMBIA,1,35,,,,,,,,,,,true,0,2026-02-05T15:12:14.133Z,2026-02-05T15:12:14.133Z,,,
6984b4bace9ca90c6f8cc78d,Albeiro Lugo,EXOTICS,PINK_BOURBON,WASHED,COLOMBIA,0,70,,,,,,,,,,,true,0,2026-02-05T15:18:18.704Z,2026-02-05T15:18:18.704Z,,,
692e40ca5ac7e53e5bf9efac,Luz Helena Salazar - Maracay,MICROLOTS,CASTILLO,WASHED,COLOMBIA,1,35,20,24,59,60,69,70,10,1000,SAMPLE,12,true,0,2025-12-02T01:28:42.528Z,2025-12-02T01:28:42.528Z,,,
692e40ca5ac7e53e5bf9efb2,Leonid Ramirez - La Cortina de Hierro,MICROLOTS,CASTILLO,WASHED,COLOMBIA,1,35,20,24,59,60,69,70,10,1000,SAMPLE,12,true,0,2025-12-02T01:28:42.528Z,2025-12-02T01:28:42.528Z,,,
692e40ca5ac7e53e5bf9efb3,Luz Helena Salazar - Maracay,EXOTICS,PINK_BOURBON,WASHED,COLOMBIA,1,35,20,24,59,60,69,70,10,1000,SAMPLE,12,true,0,2025-12-02T01:28:42.528Z,2025-12-02T01:28:42.528Z,,,
692e40ca5ac7e53e5bf9efb5,Luis Anibal Calderon - Villa Betulia,EXOTICS,YELLOW_PACAMARA,NATURAL,COLOMBIA,1,24,20,35,59,60,69,70,10,1000,SAMPLE,12,true,0,2025-12-02T01:28:42.528Z,2025-12-02T01:28:42.528Z,,,
692e40ca5ac7e53e5bf9efb6,Jairo Arcila - Santa Monica,EXOTICS,PAPAYO,WASHED,COLOMBIA,1,24,20,35,59,60,69,70,10,1000,SAMPLE,12,true,0,2025-12-02T01:28:42.528Z,2025-12-02T01:28:42.528Z,,,
692e40ca5ac7e53e5bf9efbb,Jairo Arcila - Santa Monica,EXPERIMENTALS,CASTILLO,HONEY,COLOMBIA,1,24,20,35,59,60,69,70,10,1000,SAMPLE,12,true,0,2025-12-02T01:28:42.528Z,2025-12-02T01:28:42.528Z,WINE_YEAST_CINNAMON,,
692e40ca5ac7e53e5bf9efbe,Diofanor Ruiz - La Divisa,MICROLOTS,PINK_BOURBON,WASHED,COLOMBIA,1,24,20,35,59,60,69,70,10,1000,SAMPLE,12,true,0,2025-12-02T01:28:42.528Z,2025-12-02T01:28:42.528Z,,,
692e40ca5ac7e53e5bf9efc2,Jairo Arcila - Buenos Aires,EXPERIMENTALS,PINK_BOURBON,HONEY,COLOMBIA,1,24,20,35,59,60,69,70,10,1000,SAMPLE,12,true,0,2025-12-02T01:28:42.528Z,2025-12-02T01:28:42.528Z,WINE_YEAST_LYCHEE,,
692e40ca5ac7e53e5bf9efc3,Sebastian Gomez - La Divisa,EXOTICS,GESHA,NATURAL,COLOMBIA,1,24,20,35,59,60,69,70,10,1000,SAMPLE,12,true,0,2025-12-02T01:28:42.528Z,2025-12-02T01:28:42.528Z,EF2,,
692e40ca5ac7e53e5bf9efc9,Jairo Arcila - Santa Monica,EXPERIMENTALS,CASTILLO,HONEY,COLOMBIA,1,24,20,35,59,60,69,70,10,1000,SAMPLE,12,true,0,2025-12-02T01:28:42.528Z,2025-12-02T01:28:42.528Z,WINE_YEAST_BAA,,
692e40ca5ac7e53e5bf9efcc,Jairo Arcila - Santa Monica,EXPERIMENTALS,CASTILLO,HONEY,COLOMBIA,1,24,20,35,59,60,69,70,10,1000,SAMPLE,12,true,0,2025-12-02T01:28:42.529Z,2025-12-02T01:28:42.529Z,GINGER,,
692e40ca5ac7e53e5bf9efce,Jairo Arcila - Santa Monica,EXOTICS,PINK_BOURBON,WASHED,COLOMBIA,1,35,20,24,59,60,69,70,10,1000,SAMPLE,12,true,0,2025-12-02T01:28:42.529Z,2025-12-02T01:28:42.529Z,ANAEROBIC,,
692e40ca5ac7e53e5bf9efcf,WBeimar Lasso,EXOTICS,PINK_BOURBON,WASHED,COLOMBIA,1,35,20,24,59,60,69,70,10,1000,SAMPLE,12,true,0,2025-12-02T01:28:42.529Z,2025-12-02T01:28:42.529Z,,,
692e40ca5ac7e53e5bf9efd0,Cesar Buesaquillo,EXOTICS,PINK_BOURBON,WASHED,COLOMBIA,1,35,20,24,59,60,69,70,10,1000,SAMPLE,12,true,0,2025-12-02T01:28:42.529Z,2025-12-02T01:28:42.529Z,,,
692e40ca5ac7e53e5bf9efd1,Wbeimar Lasso,EXOTICS,GESHA,WASHED,COLOMBIA,1,35,20,24,59,60,69,70,10,1000,SAMPLE,12,true,0,2025-12-02T01:28:42.529Z,2025-12-02T01:28:42.529Z,,,
692e40ca5ac7e53e5bf9efd2,Luis Anibal Calderon - Villa Betulia,EXOTICS,PAPAYO,WASHED,COLOMBIA,1,35,20,24,59,60,69,70,10,1000,SAMPLE,12,true,0,2025-12-02T01:28:42.529Z,2025-12-02T01:28:42.529Z,,,
692e40ca5ac7e53e5bf9efd4,Jairo Arcila,EXOTICS,TABI,NATURAL,COLOMBIA,1,35,20,24,59,60,69,70,10,1000,SAMPLE,12,true,0,2025-12-02T01:28:42.529Z,2025-12-02T01:28:42.529Z,EF2,,
692e40ca5ac7e53e5bf9efd5,Luis Anibal Calderon - Villa Betulia,EXOTICS,GESHA,WASHED,COLOMBIA,1,35,20,24,59,60,69,70,10,1000,SAMPLE,12,true,0,2025-12-02T01:28:42.529Z,2025-12-02T01:28:42.529Z,,,
692e40ca5ac7e53e5bf9efd8,Jairo Arcila - Santa Monica,EXOTICS,ARUZI,WASHED,COLOMBIA,1,24,20,35,59,60,69,70,10,1000,SAMPLE,12,true,0,2025-12-02T01:28:42.529Z,2025-12-02T01:28:42.529Z,EF,,
692e40ca5ac7e53e5bf9efd9,Paola Trujillo - Patio Bonito,EXOTICS,WUSH_WUSH,WASHED,COLOMBIA,1,24,20,35,59,60,69,70,10,1000,SAMPLE,12,true,0,2025-12-02T01:28:42.529Z,2025-12-02T01:28:42.529Z,CM,,
692e40ca5ac7e53e5bf9efdc,Felipe Arcila - Jardines del Eden,EXOTICS,RED_GESHA,NATURAL,COLOMBIA,1,24,20,35,59,60,69,70,10,1000,SAMPLE,12,true,0,2025-12-02T01:28:42.529Z,2025-12-02T01:28:42.529Z,EF2,,
692e40ca5ac7e53e5bf9efdf,Jairo Arcila - Santa Monica,EXPERIMENTALS,CASTILLO,HONEY,COLOMBIA,1,24,20,35,59,60,69,70,10,1000,SAMPLE,12,true,0,2025-12-02T01:28:42.529Z,2025-12-02T01:28:42.529Z,WINE_YEAST_DRAGON_FRUIT,,
692e40ca5ac7e53e5bf9efe1,Jaime Zuluaga - El Saman,EXOTICS,YELLOW_CATURRA,NATURAL,COLOMBIA,1,24,20,35,59,60,69,70,10,1000,SAMPLE,12,true,0,2025-12-02T01:28:42.529Z,2025-12-02T01:28:42.529Z,ANAEROBIC,,
692e40ca5ac7e53e5bf9efe2,Jairo Arcila - Santa Monica,EXPERIMENTALS,CASTILLO,WASHED,COLOMBIA,1,24,20,35,59,60,69,70,10,1000,SAMPLE,12,true,0,2025-12-02T01:28:42.529Z,2025-12-02T01:28:42.529Z,CM_MANDARINE,,
692e40ca5ac7e53e5bf9eff0,Julio Cortez - El Descanso,EXOTICS,GESHA,NATURAL,COLOMBIA,1,24,20,35,59,60,69,70,10,1000,SAMPLE,12,true,0,2025-12-02T01:28:42.529Z,2025-12-02T01:28:42.529Z,CM,,
692e40ca5ac7e53e5bf9eff3,Jairo Arcila - Villarazo,EXOTICS,TABI,NATURAL,COLOMBIA,1,24,20,35,59,60,69,70,10,1000,SAMPLE,12,true,0,2025-12-02T01:28:42.529Z,2025-12-02T01:28:42.529Z,,,
692e40ca5ac7e53e5bf9eff4,Albeiro Lugo -,EXOTICS,PINK_BOURBON,WASHED,COLOMBIA,1,24,20,35,59,60,69,70,10,1000,SAMPLE,12,true,0,2025-12-02T01:28:42.529Z,2025-12-02T01:28:42.529Z,,,
692e40ca5ac7e53e5bf9eff7,Luis Anibal Calderon - Villa Betulia,EXOTICS,MARAGESHA,NATURAL,COLOMBIA,1,24,20,35,59,60,69,70,10,1000,SAMPLE,12,true,0,2025-12-02T01:28:42.529Z,2025-12-02T01:28:42.529Z,,,
692e40ca5ac7e53e5bf9eff8,Sebastian Gomez - La Divisa,MICROLOTS,CASTILLO,WASHED,COLOMBIA,1,24,20,35,59,60,69,70,10,1000,SAMPLE,12,true,0,2025-12-02T01:28:42.529Z,2025-12-02T01:28:42.529Z,,,
692e40ca5ac7e53e5bf9effc,Diofanor Ruiz - La Divisa,MICROLOTS,TABI,WASHED,COLOMBIA,1,24,20,35,59,60,69,70,10,1000,SAMPLE,12,true,0,2025-12-02T01:28:42.529Z,2025-12-02T01:28:42.529Z,,,
692e40ca5ac7e53e5bf9effd,Jairo Arcila - Santa Monica,MICROLOTS,TABI,WASHED,COLOMBIA,1,24,20,35,59,60,69,70,10,1000,SAMPLE,12,true,0,2025-12-02T01:28:42.529Z,2025-12-02T01:28:42.529Z,,,
692e40ca5ac7e53e5bf9effe,Jairo Arcila - Villarazo,EXPERIMENTALS,CASTILLO,NATURAL,COLOMBIA,1,24,20,35,59,60,69,70,10,1000,SAMPLE,12,true,0,2025-12-02T01:28:42.529Z,2025-12-02T01:28:42.529Z,RUM_AGED,,
692e40ca5ac7e53e5bf9f005,Samba Reserve,RESERVE_PROGRAMS,MIX,NATURAL,BRAZIL,1,59,20,24,35,60,69,70,10,1000,SAMPLE,12,true,0,2025-12-02T01:28:42.529Z,2025-12-02T01:28:42.529Z,,,
692e40ca5ac7e53e5bf9f010,Felipe Arcila - Jardines del Eden,EXOTICS,SL_28,WASHED,COLOMBIA,1,24,20,35,59,60,69,70,10,1000,SAMPLE,12,true,0,2025-12-02T01:28:42.529Z,2025-12-02T01:28:42.529Z,,,
692e40ca5ac7e53e5bf9f012,Jairo Arcila - Santa Monica,EXPERIMENTALS,CASTILLO,WASHED,COLOMBIA,1,24,20,35,59,60,69,70,10,1000,SAMPLE,12,true,0,2025-12-02T01:28:42.529Z,2025-12-02T01:28:42.529Z,WINE_YEAST_LYCHEE,,
692e40ca5ac7e53e5bf9f015,Jairo Arcila - Santa Monica,EXPERIMENTALS,CASTILLO,HONEY,COLOMBIA,1,24,20,35,59,60,69,70,10,1000,SAMPLE,12,true,0,2025-12-02T01:28:42.529Z,2025-12-02T01:28:42.529Z,WINE_YEAST_COCONUT,,
692e40ca5ac7e53e5bf9f01b,Luzmila Gonzales - El Oasis,MICROLOTS,CATURRA,WASHED,COLOMBIA,1,35,20,24,59,60,69,70,10,1000,SAMPLE,12,true,0,2025-12-02T01:28:42.529Z,2025-12-02T01:28:42.529Z,,,
692e40ca5ac7e53e5bf9f01c,Jairo Arcila - Santa Monica,EXOTICS,GESHA,NATURAL,COLOMBIA,1,24,20,35,59,60,69,70,10,1000,SAMPLE,12,true,0,2025-12-02T01:28:42.529Z,2025-12-02T01:28:42.529Z,CM,,
692e40ca5ac7e53e5bf9f01d,Luis Anibal Calderon - Villa Betulia,EXOTICS,JAVA,NATURAL,COLOMBIA,1,24,20,35,59,60,69,70,10,1000,SAMPLE,12,true,0,2025-12-02T01:28:42.529Z,2025-12-02T01:28:42.529Z,,,
692e40ca5ac7e53e5bf9f022,Luzmila Gonzales - El Oasis,MICROLOTS,CATURRA,HONEY,COLOMBIA,1,24,20,35,59,60,69,70,10,1000,SAMPLE,12,true,0,2025-12-02T01:28:42.529Z,2025-12-02T01:28:42.529Z,,,
692e40ca5ac7e53e5bf9f028,Jairo Arcila - Santa Monica,EXPERIMENTALS,CASTILLO,WASHED,COLOMBIA,1,24,20,35,59,60,69,70,10,1000,SAMPLE,12,true,0,2025-12-02T01:28:42.529Z,2025-12-02T01:28:42.529Z,WINE_YEAST_BLACKBERRIES,,
692e40ca5ac7e53e5bf9f02b,Jairo Arcila - Santa Monica,EXOTICS,CHIROSO,NATURAL,COLOMBIA,1,24,20,35,59,60,69,70,10,1000,SAMPLE,12,true,0,2025-12-02T01:28:42.529Z,2025-12-02T01:28:42.529Z,EF2,,
692e40ca5ac7e53e5bf9f02c,Leonid Ramirez - La Cortina de Hierro,MICROLOTS,TABI,HONEY,COLOMBIA,1,35,20,24,59,60,69,70,10,1000,SAMPLE,12,true,0,2025-12-02T01:28:42.529Z,2025-12-02T01:28:42.529Z,,,
692e40ca5ac7e53e5bf9f02f,Sebastian Gomez - La Divisa,EXOTICS,PINK_BOURBON,WASHED,COLOMBIA,1,24,20,35,59,60,69,70,10,1000,SAMPLE,12,true,0,2025-12-02T01:28:42.529Z,2025-12-02T01:28:42.529Z,,,
692e40ca5ac7e53e5bf9f031,Felipe Arcila - Jardines del Eden,EXOTICS,SIDRA,WASHED,COLOMBIA,1,70,20,24,35,59,60,69,10,1000,SAMPLE,12,true,0,2025-12-02T01:28:42.529Z,2025-12-02T01:28:42.529Z,,,
692e40ca5ac7e53e5bf9f032,Felipe Arcila - Jardines del Eden,EXOTICS,PINK_GESHA,NATURAL,COLOMBIA,1,24,20,35,59,60,69,70,10,1000,SAMPLE,12,true,0,2025-12-02T01:28:42.529Z,2025-12-02T01:28:42.529Z,,,
692e40ca5ac7e53e5bf9f033,Felipe Arcila - Jardines del Encanto,EXOTICS,SIDRA,NATURAL,COLOMBIA,1,24,20,35,59,60,69,70,10,1000,SAMPLE,12,true,0,2025-12-02T01:28:42.529Z,2025-12-02T01:28:42.529Z,EF2,,
692e40ca5ac7e53e5bf9f034,Felipe Arcila - Jardines del Encanto,EXOTICS,MOKKA,NATURAL,COLOMBIA,1,24,20,35,59,60,69,70,10,1000,SAMPLE,12,true,0,2025-12-02T01:28:42.529Z,2025-12-02T01:28:42.529Z,EF2,,
692e40ca5ac7e53e5bf9f03a,Luis Anibal Calderon - Villa Betulia,EXOTICS,MOKKA,NATURAL,COLOMBIA,1,24,20,35,59,60,69,70,10,1000,SAMPLE,12,true,0,2025-12-02T01:28:42.529Z,2025-12-02T01:28:42.529Z,ANAEROBIC,,
692e40ca5ac7e53e5bf9f03e,Jaime Zuluaga - El Saman,EXOTICS,PAPAYO,NATURAL,COLOMBIA,1,24,20,35,59,60,69,70,10,1000,SAMPLE,12,true,0,2025-12-02T01:28:42.529Z,2025-12-02T01:28:42.529Z,CM240,,
692e40ca5ac7e53e5bf9f03f,Jairo Arcila - Buenos Aires,SINGLE_ESTATES,CATURRA,NATURAL,COLOMBIA,1,70,20,24,35,59,60,69,10,1000,SAMPLE,12,true,0,2025-12-02T01:28:42.529Z,2025-12-02T01:28:42.529Z,,,
692e40ca5ac7e53e5bf9f040,Martha Arcila - La Constancia,SINGLE_ESTATES,CASTILLO,HONEY,COLOMBIA,1,70,20,24,35,59,60,69,10,1000,SAMPLE,12,true,0,2025-12-02T01:28:42.529Z,2025-12-02T01:28:42.529Z,,,
692e40ca5ac7e53e5bf9f047,Carnaval,RESERVE_PROGRAMS,YELLOW_CATUAI,NATURAL,BRAZIL,1,59,20,24,35,60,69,70,10,1000,SAMPLE,12,true,0,2025-12-02T01:28:42.529Z,2025-12-02T01:28:42.529Z,,,
692e40ca5ac7e53e5bf9f053,Jairo Arcila - Santa Monica,EXOTICS,PINK_BOURBON,NATURAL,COLOMBIA,1,24,20,35,59,60,69,70,10,1000,SAMPLE,12,true,0,2025-12-02T01:28:42.529Z,2025-12-02T01:28:42.529Z,,,
692e40ca5ac7e53e5bf9f05a,Jairo Arcila - Santa Monica,EXPERIMENTALS,CASTILLO,WASHED,COLOMBIA,1,24,20,35,59,60,69,70,10,1000,SAMPLE,12,true,0,2025-12-02T01:28:42.530Z,2025-12-02T01:28:42.530Z,ROSE_TEA,,
692e40ca5ac7e53e5bf9f05f,Nensebo Mundayo G1,MICROLOTS,WEST_ARSI,NATURAL,ETHIOPIA,1,60,20,24,35,59,69,70,10,1000,SAMPLE,12,true,0,2025-12-02T01:28:42.530Z,2025-12-02T01:28:42.530Z,,,
692e40ca5ac7e53e5bf9f062,San Ignacio,RESERVE_PROGRAMS,MIX,WASHED,PERU,1,69,20,24,35,59,60,70,10,1000,SAMPLE,12,true,0,2025-12-02T01:28:42.530Z,2025-12-02T01:28:42.530Z,,,
692e40ca5ac7e53e5bf9f064,Jairo Arcila - Santa Monica,EXPERIMENTALS,GESHA,NATURAL,COLOMBIA,1,24,20,35,59,60,69,70,10,1000,SAMPLE,12,true,0,2025-12-02T01:28:42.530Z,2025-12-02T01:28:42.530Z,DRAGON_FRUIT,,
692e40ca5ac7e53e5bf9f069,Felipe Arcila - Jardines del Eden,EXOTICS,JAVA,WASHED,COLOMBIA,1,24,20,35,59,60,69,70,10,1000,SAMPLE,12,true,0,2025-12-02T01:28:42.530Z,2025-12-02T01:28:42.530Z,,,
692e40ca5ac7e53e5bf9f06c,Felipe Arcila - Jardines del Encanto,EXOTICS,SIDRA,WASHED,COLOMBIA,1,24,20,35,59,60,69,70,10,1000,SAMPLE,12,true,0,2025-12-02T01:28:42.530Z,2025-12-02T01:28:42.530Z,,,
692e40ca5ac7e53e5bf9f070,Jairo Arcila - Santa Monica,EXOTICS,CHIROSO,NATURAL,COLOMBIA,1,24,20,35,59,60,69,70,10,1000,SAMPLE,12,true,0,2025-12-02T01:28:42.530Z,2025-12-02T01:28:42.530Z,,,
692e40ca5ac7e53e5bf9f076,Diofanor Ruíz - La Divisa,MICROLOTS,JAVA,NATURAL,COLOMBIA,1,24,20,35,59,60,69,70,10,1000,SAMPLE,12,true,0,2025-12-02T01:28:42.530Z,2025-12-02T01:28:42.530Z,CM_96H,,
6932ffcff68576ea655c2323,Diofanor Ruiz - La Divisa,EXOTICS,PINK_BOURBON,WASHED,COLOMBIA,0,24,35,70,,,,,,,,,true,0,2025-12-05T15:52:47.082Z,2025-12-05T15:52:47.082Z,,,87
69384064f68576ea655da231,Jairo Arcila - Santa Monica,EXPERIMENTALS,CASTILLO,WASHED,COLOMBIA,0,24,35,70,,,,,,,,,true,0,2025-12-09T15:29:40.275Z,2025-12-09T15:33:53.239Z,CINNAMON,,
692e40ca5ac7e53e5bf9eece,Javier Rubio - El Libano,EXOTICS,YELLOW_BOURBON,NATURAL,COLOMBIA,1,35,20,24,59,60,69,70,10,1000,SAMPLE,12,true,0,2025-12-02T01:28:42.526Z,2025-12-02T01:28:42.526Z,ANAEROBIC,,
692e40ca5ac7e53e5bf9eed0,Luis Anibal Calderon - Villa Betulia,EXOTICS,PINK_BOURBON,HONEY,COLOMBIA,1,35,20,24,59,60,69,70,10,1000,SAMPLE,12,true,0,2025-12-02T01:28:42.526Z,2025-12-02T01:28:42.526Z,LACTIC,,
692e40ca5ac7e53e5bf9eed3,Wilder Lazo - El Rubi,EXOTICS,PINK_BOURBON,HONEY,COLOMBIA,1,35,20,24,59,60,69,70,10,1000,SAMPLE,12,true,0,2025-12-02T01:28:42.526Z,2025-12-02T01:28:42.526Z,CM,,
692e40ca5ac7e53e5bf9eed5,Sebastian Gomez - La Divisa,EXOTICS,PINK_BOURBON,WASHED,COLOMBIA,1,35,20,24,59,60,69,70,10,1000,SAMPLE,12,true,0,2025-12-02T01:28:42.527Z,2025-12-02T01:28:42.527Z,CM,,
692e40ca5ac7e53e5bf9eed8,Felipe Arcila - Jardines del Eden,EXOTICS,PINK_BOURBON,WASHED,COLOMBIA,1,35,20,24,59,60,69,70,10,1000,SAMPLE,12,true,0,2025-12-02T01:28:42.527Z,2025-12-02T01:28:42.527Z,ANAEROBIC,,
692e40ca5ac7e53e5bf9eee1,Herminson Cardenas - El Filo,MICROLOTS,CASTILLO,WASHED,COLOMBIA,1,35,20,24,59,60,69,70,10,1000,SAMPLE,12,true,0,2025-12-02T01:28:42.527Z,2025-12-02T01:28:42.527Z,,,
692e40ca5ac7e53e5bf9eee2,Jorge Rojas - El Jardin,EXOTICS,YELLOW_CATURRA,NATURAL,COLOMBIA,1,35,20,24,59,60,69,70,10,1000,SAMPLE,12,true,0,2025-12-02T01:28:42.527Z,2025-12-02T01:28:42.527Z,200_HOURS,,
692e40ca5ac7e53e5bf9eee3,Felipe Arcila - Jardines del Eden,MICROLOTS,CATURRA,NATURAL,COLOMBIA,1,24,20,35,59,60,69,70,10,1000,SAMPLE,12,true,0,2025-12-02T01:28:42.527Z,2025-12-02T01:28:42.527Z,ICE_FERMENTATION,,
692e40ca5ac7e53e5bf9eee8,Jairo Arcila - Buenos Aires,MICROLOTS,TABI,NATURAL,COLOMBIA,1,24,20,35,59,60,69,70,10,1000,SAMPLE,12,true,0,2025-12-02T01:28:42.527Z,2025-12-02T01:28:42.527Z,WWF,,
692e40ca5ac7e53e5bf9eeec,Wilder Lazo - El Diviso,EXOTICS,ORANGE_BOURBON,WASHED,COLOMBIA,1,24,20,35,59,60,69,70,10,1000,SAMPLE,12,true,0,2025-12-02T01:28:42.527Z,2025-12-02T01:28:42.527Z,LACTIC,,
692e40ca5ac7e53e5bf9eeee,Marcela Castellanos - Cristales,EXOTICS,WUSH_WUSH,NATURAL,COLOMBIA,1,24,20,35,59,60,69,70,10,1000,SAMPLE,12,true,0,2025-12-02T01:28:42.527Z,2025-12-02T01:28:42.527Z,CM,,
692e40ca5ac7e53e5bf9eef1,Jairo Arcila - Castellon,EXOTICS,GESHA,NATURAL,COLOMBIA,1,24,20,35,59,60,69,70,10,1000,SAMPLE,12,true,0,2025-12-02T01:28:42.527Z,2025-12-02T01:28:42.527Z,LACTIC,,
692e40ca5ac7e53e5bf9eef2,Luis Anibal Calderon - Villa Betulia,EXOTICS,GESHA,NATURAL,COLOMBIA,1,24,20,35,59,60,69,70,10,1000,SAMPLE,12,true,0,2025-12-02T01:28:42.527Z,2025-12-02T01:28:42.527Z,LACTIC,,
692e40ca5ac7e53e5bf9eef9,Buesaco,REGIONALS,MIX,WASHED,COLOMBIA,1,70,20,24,35,59,60,69,10,1000,SAMPLE,12,true,0,2025-12-02T01:28:42.527Z,2025-12-02T01:28:42.527Z,,,
692e40ca5ac7e53e5bf9ef01,La Cumbre,REGIONALS_PLUS,MIX,WASHED,COLOMBIA,1,35,20,24,59,60,69,70,10,1000,SAMPLE,12,true,0,2025-12-02T01:28:42.527Z,2025-12-02T01:28:42.527Z,,,
692e40ca5ac7e53e5bf9ef07,Andres Ramirez - El Laguito,MICROLOTS,CATURRA,WASHED,COLOMBIA,1,35,20,24,59,60,69,70,10,1000,SAMPLE,12,true,0,2025-12-02T01:28:42.527Z,2025-12-02T01:28:42.527Z,LACTIC,,
692e40ca5ac7e53e5bf9ef0a,Luis Anibal Calderon - Villa Betulia,EXOTICS,PINK_BOURBON,WASHED,COLOMBIA,1,35,20,24,59,60,69,70,10,1000,SAMPLE,12,true,0,2025-12-02T01:28:42.527Z,2025-12-02T01:28:42.527Z,ANAEROBIC,,
692e40ca5ac7e53e5bf9ef12,Luz Helena Salazar - Maracay,EXOTICS,PINK_BOURBON,NATURAL,COLOMBIA,1,24,20,35,59,60,69,70,10,1000,SAMPLE,12,true,0,2025-12-02T01:28:42.527Z,2025-12-02T01:28:42.527Z,ICE_FERMENTATION,,
692e40ca5ac7e53e5bf9ef17,Sebastian Gomez - La Divisa,EXOTICS,PINK_BOURBON,NATURAL,COLOMBIA,1,24,20,35,59,60,69,70,10,1000,SAMPLE,12,true,0,2025-12-02T01:28:42.527Z,2025-12-02T01:28:42.527Z,ANAEROBIC,,
692e40ca5ac7e53e5bf9ef1b,Jairo Arcila - Santa Monica,EXPERIMENTALS,CATURRA,WASHED,COLOMBIA,1,24,20,35,59,60,69,70,10,1000,SAMPLE,12,true,0,2025-12-02T01:28:42.527Z,2025-12-02T01:28:42.527Z,CM_MANDARINE,,
692e40ca5ac7e53e5bf9ef24,Humberto Pecupaque - El Diamante,EXOTICS,YELLOW_TYPICA,NATURAL,COLOMBIA,1,35,20,24,59,60,69,70,10,1000,SAMPLE,12,true,0,2025-12-02T01:28:42.527Z,2025-12-02T01:28:42.527Z,LACTIC,,
692e40ca5ac7e53e5bf9ef25,Leonid Ramirez - La Cortina de Hierro,MICROLOTS,VARIEDAD_COLOMBIA,HONEY,COLOMBIA,1,35,20,24,59,60,69,70,10,1000,SAMPLE,12,true,0,2025-12-02T01:28:42.527Z,2025-12-02T01:28:42.527Z,ANAEROBIC,,
692e40ca5ac7e53e5bf9ef27,Jairo Arcila - Buenos Aires,MICROLOTS,TABI,NATURAL,COLOMBIA,1,35,20,24,59,60,69,70,10,1000,SAMPLE,12,true,0,2025-12-02T01:28:42.527Z,2025-12-02T01:28:42.527Z,DOUBLE_ANAEROBIC,,
692e40ca5ac7e53e5bf9ef2e,SMALLHOLDERS,MICROLOTS,MIX,WASHED,COLOMBIA,1,35,20,24,59,60,69,70,10,1000,SAMPLE,12,true,0,2025-12-02T01:28:42.527Z,2025-12-02T01:28:42.527Z,,,
692e40ca5ac7e53e5bf9ef34,Luis Anibal Calderon - Villa Betulia,EXOTICS,GESHA,NATURAL,COLOMBIA,1,24,20,35,59,60,69,70,10,1000,SAMPLE,12,true,0,2025-12-02T01:28:42.527Z,2025-12-02T01:28:42.527Z,ANAEROBIC_200_HOURS,,
692e40ca5ac7e53e5bf9ef35,Felipe Arcila - Jardines del Eden,EXPERIMENTALS,CASTILLO,WASHED,COLOMBIA,1,24,20,35,59,60,69,70,10,1000,SAMPLE,12,true,0,2025-12-02T01:28:42.527Z,2025-12-02T01:28:42.527Z,MANDARIN,,
692e40ca5ac7e53e5bf9ef39,Ismael Pajajoy - San Pablo,MICROLOTS,CASTILLO,WASHED,COLOMBIA,1,35,20,24,59,60,69,70,10,1000,SAMPLE,12,true,0,2025-12-02T01:28:42.527Z,2025-12-02T01:28:42.527Z,,,
692e40ca5ac7e53e5bf9ef3c,Gentil Cabezas - Loma Alta,EXOTICS,PINK_BOURBON,WASHED,COLOMBIA,1,35,20,24,59,60,69,70,10,1000,SAMPLE,12,true,0,2025-12-02T01:28:42.527Z,2025-12-02T01:28:42.527Z,,,
692e40ca5ac7e53e5bf9ef45,Javier Rubio - El Libano,EXOTICS,YELLOW_BOURBON,WASHED,COLOMBIA,1,24,20,35,59,60,69,70,10,1000,SAMPLE,12,true,0,2025-12-02T01:28:42.527Z,2025-12-02T01:28:42.527Z,ANAEROBIC,,
692e40ca5ac7e53e5bf9ef47,Andres Guaca - La Bandida,EXOTICS,PINK_BOURBON,NATURAL,COLOMBIA,1,24,20,35,59,60,69,70,10,1000,SAMPLE,12,true,0,2025-12-02T01:28:42.527Z,2025-12-02T01:28:42.527Z,LACTIC,,
692e40ca5ac7e53e5bf9ef4b,Sebastian Gomez - La Divisa,EXOTICS,PINK_BOURBON,NATURAL,COLOMBIA,1,24,20,35,59,60,69,70,10,1000,SAMPLE,12,true,0,2025-12-02T01:28:42.527Z,2025-12-02T01:28:42.527Z,EF2,,
692e40ca5ac7e53e5bf9ef4d,Jairo Arcila - Santa Monica,EXPERIMENTALS,CASTILLO,NATURAL,COLOMBIA,1,24,20,35,59,60,69,70,10,1000,SAMPLE,12,true,0,2025-12-02T01:28:42.527Z,2025-12-02T01:28:42.527Z,APPLE_CIDER,,
692e40ca5ac7e53e5bf9ef4f,Jairo Ivan Lopez - La Estrella,EXOTICS,JAVA,NATURAL,COLOMBIA,1,24,20,35,59,60,69,70,10,1000,SAMPLE,12,true,0,2025-12-02T01:28:42.527Z,2025-12-02T01:28:42.527Z,CM,,
692e40ca5ac7e53e5bf9ef50,Felipe Arcila - Jardines del Eden,EXOTICS,SIDRA,NATURAL,COLOMBIA,1,24,20,35,59,60,69,70,10,1000,SAMPLE,12,true,0,2025-12-02T01:28:42.527Z,2025-12-02T01:28:42.527Z,DOUBLE_ANAEROBIC,,
692e40ca5ac7e53e5bf9ef51,Jairo Arcila - Santa Monica,MICROLOTS,CASTILLO,NATURAL,COLOMBIA,1,35,20,24,59,60,69,70,10,1000,SAMPLE,12,true,0,2025-12-02T01:28:42.527Z,2025-12-02T01:28:42.527Z,ICE_FERMENTATION,,
692e40ca5ac7e53e5bf9ef54,Jairo Arcila - Santa Monica,MICROLOTS,CASTILLO,NATURAL,COLOMBIA,1,35,20,24,59,60,69,70,10,1000,SAMPLE,12,true,0,2025-12-02T01:28:42.528Z,2025-12-02T01:28:42.528Z,DOUBLE_ANAEROBIC,,
692e40ca5ac7e53e5bf9ef56,Luis Anibal Calderon - Villa Betulia,EXOTICS,CATURRON,NATURAL,COLOMBIA,1,24,20,35,59,60,69,70,10,1000,SAMPLE,12,true,0,2025-12-02T01:28:42.528Z,2025-12-02T01:28:42.528Z,CM_200_HOURS,,
692e40ca5ac7e53e5bf9ef5b,Johan Vergara - Las Flores,EXOTICS,YELLOW_BOURBON,WASHED,COLOMBIA,1,24,20,35,59,60,69,70,10,1000,SAMPLE,12,true,0,2025-12-02T01:28:42.528Z,2025-12-02T01:28:42.528Z,CM,,
692e40ca5ac7e53e5bf9ef5d,Jairo Arcila - Santa Monica,EXOTICS,CHIROSO_BOURBON,WASHED,COLOMBIA,1,24,20,35,59,60,69,70,10,1000,SAMPLE,12,true,0,2025-12-02T01:28:42.528Z,2025-12-02T01:28:42.528Z,ANAEROBIC,,
692e40ca5ac7e53e5bf9ef60,Leonid Ramirez - La Cortina de Hierro,MICROLOTS,CASTILLO,WASHED,COLOMBIA,1,24,20,35,59,60,69,70,10,1000,SAMPLE,12,true,0,2025-12-02T01:28:42.528Z,2025-12-02T01:28:42.528Z,EF2,,
692e40ca5ac7e53e5bf9ef63,Jairo Arcila - Santa Monica,EXPERIMENTALS,PINK_BOURBON,HONEY,COLOMBIA,1,24,20,35,59,60,69,70,10,1000,SAMPLE,12,true,0,2025-12-02T01:28:42.528Z,2025-12-02T01:28:42.528Z,WINE_YEAST_RED_FRUITS,,
692e40ca5ac7e53e5bf9ef66,Felipe Arcila - Jardines del Eden,EXOTICS,RED_GESHA,NATURAL,COLOMBIA,1,24,20,35,59,60,69,70,10,1000,SAMPLE,12,true,0,2025-12-02T01:28:42.528Z,2025-12-02T01:28:42.528Z,LACTIC,,
692e40ca5ac7e53e5bf9ef6a,Rafael Amaya - La Virginia,MICROLOTS,CATURRA,WASHED,COLOMBIA,1,70,20,24,35,59,60,69,10,1000,SAMPLE,12,true,0,2025-12-02T01:28:42.528Z,2025-12-02T01:28:42.528Z,CM_200_HOURS,,
692e40ca5ac7e53e5bf9ef6b,Luis Anibal Calderon - Villa Betulia,MICROLOTS,CATURRA,WASHED,COLOMBIA,1,35,20,24,59,60,69,70,10,1000,SAMPLE,12,true,0,2025-12-02T01:28:42.528Z,2025-12-02T01:28:42.528Z,ANAEROBIC,,
692e40ca5ac7e53e5bf9ef6e,Leonid Ramirez - La Cortina de Hierro,MICROLOTS,CASTILLO,HONEY,COLOMBIA,1,35,20,24,59,60,69,70,10,1000,SAMPLE,12,true,0,2025-12-02T01:28:42.528Z,2025-12-02T01:28:42.528Z,ANAEROBIC,,
692e40ca5ac7e53e5bf9ef6f,LuzMila Mosquera - El Oasis,MICROLOTS,CATURRA,WASHED,COLOMBIA,1,35,20,24,59,60,69,70,10,1000,SAMPLE,12,true,0,2025-12-02T01:28:42.528Z,2025-12-02T01:28:42.528Z,ANAEROBIC,,
692e40ca5ac7e53e5bf9ef70,Nelson Hurtado - El Eden,MICROLOTS,CATURRA,WASHED,COLOMBIA,1,35,20,24,59,60,69,70,10,1000,SAMPLE,12,true,0,2025-12-02T01:28:42.528Z,2025-12-02T01:28:42.528Z,CM,,
692e40ca5ac7e53e5bf9ef72,Javier Rubio - El Libano,MICROLOTS,CATURRA,WASHED,COLOMBIA,1,35,20,24,59,60,69,70,10,1000,SAMPLE,12,true,0,2025-12-02T01:28:42.528Z,2025-12-02T01:28:42.528Z,ANAEROBIC,,
692e40ca5ac7e53e5bf9ef76,Humberto Calderon - La Primavera,EXOTICS,GESHA,WASHED,COLOMBIA,1,24,20,35,59,60,69,70,10,1000,SAMPLE,12,true,0,2025-12-02T01:28:42.528Z,2025-12-02T01:28:42.528Z,LACTIC,,
692e40ca5ac7e53e5bf9ef86,Felipe Arcila - Jardines del Eden,EXOTICS,YELLOW_SUDAN_RUME,NATURAL,COLOMBIA,1,24,20,35,59,60,69,70,10,1000,SAMPLE,12,true,0,2025-12-02T01:28:42.528Z,2025-12-02T01:28:42.528Z,CM,,
692e40ca5ac7e53e5bf9ef8a,Luis Anibal Calderon - Villa Betulia,EXOTICS,PINK_BOURBON,WASHED,COLOMBIA,1,24,20,35,59,60,69,70,10,1000,SAMPLE,12,true,0,2025-12-02T01:28:42.528Z,2025-12-02T01:28:42.528Z,EF2,,
692e40ca5ac7e53e5bf9ef93,Johan Vergara - Las Flores,EXPERIMENTALS,YELLOW_BOURBON,WASHED,COLOMBIA,1,24,20,35,59,60,69,70,10,1000,SAMPLE,12,true,0,2025-12-02T01:28:42.528Z,2025-12-02T01:28:42.528Z,ANAEROBIC_MINT,,
692e40ca5ac7e53e5bf9ef96,Felipe Arcila - Jardines del Eden,EXOTICS,YELLOW_SUDAN_RUME,NATURAL,COLOMBIA,1,24,20,35,59,60,69,70,10,1000,SAMPLE,12,true,0,2025-12-02T01:28:42.528Z,2025-12-02T01:28:42.528Z,EF2,,
692e40ca5ac7e53e5bf9ef9e,Sertao Farm,SINGLE_ESTATES,YELLOW_BOURBON,NATURAL,BRAZIL,1,59,20,24,35,60,69,70,10,1000,SAMPLE,12,true,0,2025-12-02T01:28:42.528Z,2025-12-02T01:28:42.528Z,,,
692e40ca5ac7e53e5bf9efa8,Felipe Arcila - Jardines del Eden,EXOTICS,SIDRA,NATURAL,COLOMBIA,1,24,20,35,59,60,69,70,10,1000,SAMPLE,12,true,0,2025-12-02T01:28:42.528Z,2025-12-02T01:28:42.528Z,EF2,,
692e40ca5ac7e53e5bf9efab,Jairo Arcila - Santa Monica,MICROLOTS,CASTILLO,WASHED,COLOMBIA,1,35,20,24,59,60,69,70,10,1000,SAMPLE,12,true,0,2025-12-02T01:28:42.528Z,2025-12-02T01:28:42.528Z,,,
692e40ca5ac7e53e5bf9efb0,Albeiro Lugo -,MICROLOTS,PINK_BOURBON,WASHED,COLOMBIA,1,35,20,24,59,60,69,70,10,1000,SAMPLE,12,true,0,2025-12-02T01:28:42.528Z,2025-12-02T01:28:42.528Z,EF,,
692e40ca5ac7e53e5bf9efb1,Wbeimar Lasso,MICROLOTS,CATURRA,WASHED,COLOMBIA,1,35,20,24,59,60,69,70,10,1000,SAMPLE,12,true,0,2025-12-02T01:28:42.528Z,2025-12-02T01:28:42.528Z,,,
692e40ca5ac7e53e5bf9efb8,Luz Helena Salazar - La Leona,EXOTICS,CHILLI_BOURBON,NATURAL,COLOMBIA,1,24,20,35,59,60,69,70,10,1000,SAMPLE,12,true,0,2025-12-02T01:28:42.528Z,2025-12-02T01:28:42.528Z,,,
692e40ca5ac7e53e5bf9efc4,Jairo Arcila - Castellon,EXOTICS,GESHA,NATURAL,COLOMBIA,1,24,20,35,59,60,69,70,10,1000,SAMPLE,12,true,0,2025-12-02T01:28:42.528Z,2025-12-02T01:28:42.528Z,EF2,,
692e40ca5ac7e53e5bf9efc6,Luis Anibal Calderon - Villa Betulia,EXOTICS,PRIMITIVO_BOURBON,NATURAL,COLOMBIA,1,24,20,35,59,60,69,70,10,1000,SAMPLE,12,true,0,2025-12-02T01:28:42.528Z,2025-12-02T01:28:42.528Z,ANAEROBIC,,
692e40ca5ac7e53e5bf9efca,Jairo Arcila - Santa Monica,EXOTICS,PAPAYO,NATURAL,COLOMBIA,1,24,20,35,59,60,69,70,10,1000,SAMPLE,12,true,0,2025-12-02T01:28:42.528Z,2025-12-02T01:28:42.528Z,CM,,
692e40ca5ac7e53e5bf9efcd,Jairo Arcila - Santa Monica,EXPERIMENTALS,PINK_BOURBON,HONEY,COLOMBIA,1,24,20,35,59,60,69,70,10,1000,SAMPLE,12,true,0,2025-12-02T01:28:42.529Z,2025-12-02T01:28:42.529Z,WINE_YEAST_GRAPE,,
692e40ca5ac7e53e5bf9efd7,Jairo Arcila - Santa Monica,EXOTICS,CASTILLO,NATURAL,COLOMBIA,1,24,20,35,59,60,69,70,10,1000,SAMPLE,12,true,0,2025-12-02T01:28:42.529Z,2025-12-02T01:28:42.529Z,ICE_FERMENTATION,,
6944164256df7741e330d8e1,Jairo Arcila - Santa Monica,EXPERIMENTALS,CASTILLO,WASHED,COLOMBIA,20,24,35,70,,,,,,,,,true,0,2025-12-18T14:57:06.732Z,2025-12-18T14:57:06.732Z,,,87
694418a756df7741e330dd65,Jairo Arcila - Santa Monica,EXPERIMENTALS,CASTILLO,WASHED,COLOMBIA,25,35,70,24,,,,,,,,,true,0,2025-12-18T15:07:19.116Z,2025-12-18T15:07:19.116Z,,,87
6944190a56df7741e330de56,Jairo Arcila - Santa Monica,EXPERIMENTALS,CASTILLO,WASHED,COLOMBIA,20,35,24,70,,,,,,,,,true,0,2025-12-18T15:08:58.920Z,2025-12-18T15:08:58.920Z,,,
6944248eea0c76a68bc2234b,Jairo Arcila - Santa Monica,EXPERIMENTALS,CASTILLO,WASHED,COLOMBIA,20,24,35,70,,,,,,,,,true,0,2025-12-18T15:58:06.342Z,2025-12-18T15:58:06.342Z,WINE_YEAST_COCONUT,,87
6944268bea0c76a68bc227ab,Rogert Ebert Acha - San Pablo,MICROLOTS,MIX,WASHED,PERU,1,35,,,,,,,,,,,true,0,2025-12-18T16:06:35.976Z,2025-12-18T16:06:35.976Z,,,
6984adc5ce9ca90c6f8cc128,Ricardo Lizcano,MICROLOTS,CATURRA,WASHED,COLOMBIA,0,35,,,,,,,,,,,true,0,2026-02-05T14:48:37.621Z,2026-02-05T15:10:46.443Z,,,
6984b681ce9ca90c6f8cc947,Jairo Arcila - Santa Monica,EXOTICS,PINK_BOURBON,HONEY,COLOMBIA,0,24,,,,,,,,,,,true,0,2026-02-05T15:25:53.287Z,2026-02-05T15:25:53.287Z,WINE_YEAST_PEACH,,
692e40ca5ac7e53e5bf9eec7,Gaitania,REGIONALS,MIX,WASHED,COLOMBIA,1,70,20,24,35,59,60,69,10,1000,SAMPLE,12,true,0,2025-12-02T01:28:42.526Z,2025-12-02T01:28:42.526Z,,,
692e40ca5ac7e53e5bf9eecb,Jairo Arcila - Santa Monica,MICROLOTS,CATURRA,NATURAL,COLOMBIA,1,35,20,24,59,60,69,70,10,1000,SAMPLE,12,true,0,2025-12-02T01:28:42.526Z,2025-12-02T01:28:42.526Z,WWF,,
692e40ca5ac7e53e5bf9eed6,Andres Ramirez - El Laguito,MICROLOTS,CATURRA,WASHED,COLOMBIA,1,35,20,24,59,60,69,70,10,1000,SAMPLE,12,true,0,2025-12-02T01:28:42.527Z,2025-12-02T01:28:42.527Z,ANAEROBIC,,
692e40ca5ac7e53e5bf9eeda,Luz Helena Salazar - Maracay,MICROLOTS,CASTILLO,NATURAL,COLOMBIA,1,35,20,24,59,60,69,70,10,1000,SAMPLE,12,true,0,2025-12-02T01:28:42.527Z,2025-12-02T01:28:42.527Z,WWF,,
692e40ca5ac7e53e5bf9eedb,Luis Anibal Calderon - Villa Betulia,EXOTICS,PINK_BOURBON,WASHED,COLOMBIA,1,35,20,24,59,60,69,70,10,1000,SAMPLE,12,true,0,2025-12-02T01:28:42.527Z,2025-12-02T01:28:42.527Z,,,
692e40ca5ac7e53e5bf9eedc,Rafael Amaya - La Virginia,EXOTICS,PINK_BOURBON,WASHED,COLOMBIA,1,35,20,24,59,60,69,70,10,1000,SAMPLE,12,true,0,2025-12-02T01:28:42.527Z,2025-12-02T01:28:42.527Z,EF,,
692e40ca5ac7e53e5bf9eeeb,Rafael Amaya - La Virginia,EXOTICS,PACAMARA,WASHED,COLOMBIA,1,24,20,35,59,60,69,70,10,1000,SAMPLE,12,true,0,2025-12-02T01:28:42.527Z,2025-12-02T01:28:42.527Z,ANAEROBIC,,
692e40ca5ac7e53e5bf9eeed,Luis Anibal Calderon - Villa Betulia,EXOTICS,MARACATURRA,WASHED,COLOMBIA,1,24,20,35,59,60,69,70,10,1000,SAMPLE,12,true,0,2025-12-02T01:28:42.527Z,2025-12-02T01:28:42.527Z,ANAEROBIC,,
692e40ca5ac7e53e5bf9eef6,Andres Guaca - La Bandida,MICROLOTS,CASTILLO,NATURAL,COLOMBIA,1,35,20,24,59,60,69,70,10,1000,SAMPLE,12,true,0,2025-12-02T01:28:42.527Z,2025-12-02T01:28:42.527Z,LACTIC,,
692e40ca5ac7e53e5bf9eef8,Popayan Decaf,DECAF,MIX,WASHED,COLOMBIA,1,70,20,24,35,59,60,69,10,1000,SAMPLE,12,true,0,2025-12-02T01:28:42.527Z,2025-12-02T01:28:42.527Z,,,
692e40ca5ac7e53e5bf9eefd,Jairo Arcila - Villarazo,EXPERIMENTALS,PINK_BOURBON,NATURAL,COLOMBIA,1,24,20,35,59,60,69,70,10,1000,SAMPLE,12,true,0,2025-12-02T01:28:42.527Z,2025-12-02T01:28:42.527Z,TARTARIC_ACID_CINNAMON,,
692e40ca5ac7e53e5bf9eefe,Andres Guaca - La Bandida,EXPERIMENTALS,PACAMARA,NATURAL,COLOMBIA,1,24,20,35,59,60,69,70,10,1000,SAMPLE,12,true,0,2025-12-02T01:28:42.527Z,2025-12-02T01:28:42.527Z,TARTARIC_ACID_CINNAMON,,
692e40ca5ac7e53e5bf9eeff,Sebastian Gomez - La Divisa,EXPERIMENTALS,PINK_BOURBON,NATURAL,COLOMBIA,1,24,20,35,59,60,69,70,10,1000,SAMPLE,12,true,0,2025-12-02T01:28:42.527Z,2025-12-02T01:28:42.527Z,RUM_AGED,,
692e40ca5ac7e53e5bf9ef00,Tabi Decaf,MICROLOTS,TABI,WASHED,COLOMBIA,1,70,20,24,35,59,60,69,10,1000,SAMPLE,12,true,0,2025-12-02T01:28:42.527Z,2025-12-02T01:28:42.527Z,,,
692e40ca5ac7e53e5bf9ef02,Carlos Amariles - El Topacio,MICROLOTS,TABI,HONEY,COLOMBIA,1,35,20,24,59,60,69,70,10,1000,SAMPLE,12,true,0,2025-12-02T01:28:42.527Z,2025-12-02T01:28:42.527Z,ANAEROBIC,,
692e40ca5ac7e53e5bf9ef03,Tablon de Gomez,REGIONALS_PLUS,MIX,WASHED,COLOMBIA,1,35,20,24,59,60,69,70,10,1000,SAMPLE,12,true,0,2025-12-02T01:28:42.527Z,2025-12-02T01:28:42.527Z,,,
692e40ca5ac7e53e5bf9ef06,Leonid Ramirez - La Cortina de Hierro,MICROLOTS,CATURRA,WASHED,COLOMBIA,1,35,20,24,59,60,69,70,10,1000,SAMPLE,12,true,0,2025-12-02T01:28:42.527Z,2025-12-02T01:28:42.527Z,ANAEROBIC,,
692e40ca5ac7e53e5bf9ef09,Nubia Loaiza,MICROLOTS,CATURRA,WASHED,COLOMBIA,1,35,20,24,59,60,69,70,10,1000,SAMPLE,12,true,0,2025-12-02T01:28:42.527Z,2025-12-02T01:28:42.527Z,,,
692e40ca5ac7e53e5bf9ef0b,Sebastian Gomez - La Divisa,EXOTICS,PINK_BOURBON,WASHED,COLOMBIA,1,35,20,24,59,60,69,70,10,1000,SAMPLE,12,true,0,2025-12-02T01:28:42.527Z,2025-12-02T01:28:42.527Z,LACTIC,,
692e40ca5ac7e53e5bf9ef0d,Carlos Cadavid - La Bretaña,EXOTICS,MOKA,NATURAL,COLOMBIA,1,24,20,35,59,60,69,70,10,1000,SAMPLE,12,true,0,2025-12-02T01:28:42.527Z,2025-12-02T01:28:42.527Z,CM,,
692e40ca5ac7e53e5bf9ef0f,Luis Anibal Calderon - Villa Betulia,EXOTICS,GESHA,NATURAL,COLOMBIA,1,24,20,35,59,60,69,70,10,1000,SAMPLE,12,true,0,2025-12-02T01:28:42.527Z,2025-12-02T01:28:42.527Z,ANAEROBIC,,
692e40ca5ac7e53e5bf9ef15,Jairo Arcila - Santa Monica,EXOTICS,SIDRA,WASHED,COLOMBIA,1,24,20,35,59,60,69,70,10,1000,SAMPLE,12,true,0,2025-12-02T01:28:42.527Z,2025-12-02T01:28:42.527Z,DOUBLE_LACTIC,,
692e40ca5ac7e53e5bf9ef16,Jairo Arcila - Santa Monica,EXOTICS,CHIROSO_BOURBON,WASHED,COLOMBIA,1,24,20,35,59,60,69,70,10,1000,SAMPLE,12,true,0,2025-12-02T01:28:42.527Z,2025-12-02T01:28:42.527Z,LACTIC,,
692e40ca5ac7e53e5bf9ef18,Luz Helena Salazar - Maracay,EXOTICS,PINK_BOURBON,NATURAL,COLOMBIA,1,24,20,35,59,60,69,70,10,1000,SAMPLE,12,true,0,2025-12-02T01:28:42.527Z,2025-12-02T01:28:42.527Z,CM,,
692e40ca5ac7e53e5bf9ef1a,Felipe Arcila - Jardines del Eden,MICROLOTS,CASTILLO,NATURAL,COLOMBIA,1,24,20,35,59,60,69,70,10,1000,SAMPLE,12,true,0,2025-12-02T01:28:42.527Z,2025-12-02T01:28:42.527Z,200_HOURS,,
692e40ca5ac7e53e5bf9ef21,Luis Orlando Sanchez - Porvenir,MICROLOTS,CATURRA,NATURAL,COLOMBIA,1,35,20,24,59,60,69,70,10,1000,SAMPLE,12,true,0,2025-12-02T01:28:42.527Z,2025-12-02T01:28:42.527Z,DOUBLE_ANAEROBIC,,
692e40ca5ac7e53e5bf9ef26,Luis Anibal Calderon - Villa Betulia,EXOTICS,PINK_BOURBON,WASHED,COLOMBIA,1,35,20,24,59,60,69,70,10,1000,SAMPLE,12,true,0,2025-12-02T01:28:42.527Z,2025-12-02T01:28:42.527Z,DOUBLE_ANAEROBIC,,
692e40ca5ac7e53e5bf9ef29,Uber Quintero - El Danubio,MICROLOTS,CASTILLO,WASHED,COLOMBIA,1,35,20,24,59,60,69,70,10,1000,SAMPLE,12,true,0,2025-12-02T01:28:42.527Z,2025-12-02T01:28:42.527Z,,,
692e40ca5ac7e53e5bf9ef2c,Felipe Perez - La America,MICROLOTS,CASTILLO,WASHED,COLOMBIA,1,35,20,24,59,60,69,70,10,1000,SAMPLE,12,true,0,2025-12-02T01:28:42.527Z,2025-12-02T01:28:42.527Z,,,
692e40ca5ac7e53e5bf9ef2d,Ely Hueje - La Albania,MICROLOTS,CASTILLO,WASHED,COLOMBIA,1,35,20,24,59,60,69,70,10,1000,SAMPLE,12,true,0,2025-12-02T01:28:42.527Z,2025-12-02T01:28:42.527Z,,,
692e40ca5ac7e53e5bf9ef2f,SMALLHOLDERS,MICROLOTS,MIX,NATURAL,COLOMBIA,1,35,20,24,59,60,69,70,10,1000,SAMPLE,12,true,0,2025-12-02T01:28:42.527Z,2025-12-02T01:28:42.527Z,,,
692e40ca5ac7e53e5bf9ef31,Wilder Lasso - El Rubi,EXOTICS,PINK_BOURBON,NATURAL,COLOMBIA,1,24,20,35,59,60,69,70,10,1000,SAMPLE,12,true,0,2025-12-02T01:28:42.527Z,2025-12-02T01:28:42.527Z,DOUBLE_ANAEROBIC,,
692e40ca5ac7e53e5bf9ef33,Nectario Zuñiga - El Altico,EXOTICS,YELLOW_TYPICA,NATURAL,COLOMBIA,1,24,20,35,59,60,69,70,10,1000,SAMPLE,12,true,0,2025-12-02T01:28:42.527Z,2025-12-02T01:28:42.527Z,LACTIC,,
692e40ca5ac7e53e5bf9ef3d,Jairo Arcila - Buenos Aires,MICROLOTS,TABI,NATURAL,COLOMBIA,1,35,20,24,59,60,69,70,10,1000,SAMPLE,12,true,0,2025-12-02T01:28:42.527Z,2025-12-02T01:28:42.527Z,EF2,,
692e40ca5ac7e53e5bf9ef48,Jairo Arcila - Santa Monica,MICROLOTS,CASTILLO,NATURAL,COLOMBIA,1,24,20,35,59,60,69,70,10,1000,SAMPLE,12,true,0,2025-12-02T01:28:42.527Z,2025-12-02T01:28:42.527Z,CM,,
692e40ca5ac7e53e5bf9ef4c,Sebastian Gomez - La Divisa,EXOTICS,PINK_BOURBON,NATURAL,COLOMBIA,1,70,20,24,35,59,60,69,10,1000,SAMPLE,12,true,0,2025-12-02T01:28:42.527Z,2025-12-02T01:28:42.527Z,WWF,,
692e40ca5ac7e53e5bf9ef4e,Felipe Arcila - Jardines del Eden,EXPERIMENTALS,CASTILLO,NATURAL,COLOMBIA,1,24,20,35,59,60,69,70,10,1000,SAMPLE,12,true,0,2025-12-02T01:28:42.527Z,2025-12-02T01:28:42.527Z,RUM_AGED,,
692e40ca5ac7e53e5bf9ef53,Albeiro Gomez - El Despertar,MICROLOTS,CASTILLO,WASHED,COLOMBIA,1,35,20,24,59,60,69,70,10,1000,SAMPLE,12,true,0,2025-12-02T01:28:42.528Z,2025-12-02T01:28:42.528Z,,,
692e40ca5ac7e53e5bf9ef57,Felipe Arcila - Jardines del Eden,EXPERIMENTALS,CATURRA,WASHED,COLOMBIA,1,24,20,35,59,60,69,70,10,1000,SAMPLE,12,true,0,2025-12-02T01:28:42.528Z,2025-12-02T01:28:42.528Z,WINE_YEAST_PASSION_FRUIT,,
692e40ca5ac7e53e5bf9ef58,Rafael Amaya - La Virginia,EXOTICS,PINK_BOURBON,NATURAL,COLOMBIA,1,24,20,35,59,60,69,70,10,1000,SAMPLE,12,true,0,2025-12-02T01:28:42.528Z,2025-12-02T01:28:42.528Z,ICE_FERMENTATION,,
692e40ca5ac7e53e5bf9ef67,Planadas,REGIONALS,MIX,WASHED,COLOMBIA,1,70,20,24,35,59,60,69,10,1000,SAMPLE,12,true,0,2025-12-02T01:28:42.528Z,2025-12-02T01:28:42.528Z,,,
692e40ca5ac7e53e5bf9ef68,Huila Reserve,RESERVE_PROGRAMS,MIX,WASHED,COLOMBIA,1,70,20,24,35,59,60,69,10,1000,SAMPLE,12,true,0,2025-12-02T01:28:42.528Z,2025-12-02T01:28:42.528Z,,,
692e40ca5ac7e53e5bf9ef6c,Linarco Rodriguez - El Diviso,MICROLOTS,CASTILLO,WASHED,COLOMBIA,1,35,20,24,59,60,69,70,10,1000,SAMPLE,12,true,0,2025-12-02T01:28:42.528Z,2025-12-02T01:28:42.528Z,CM,,
692e40ca5ac7e53e5bf9ef71,Nectario Zuñiga - El Altico,MICROLOTS,CATURRA,WASHED,COLOMBIA,1,35,20,24,59,60,69,70,10,1000,SAMPLE,12,true,0,2025-12-02T01:28:42.528Z,2025-12-02T01:28:42.528Z,LACTIC,,
692e40ca5ac7e53e5bf9ef75,Wbeimar Lasso,EXOTICS,RED_BOURBON,WASHED,COLOMBIA,1,24,20,35,59,60,69,70,10,1000,SAMPLE,12,true,0,2025-12-02T01:28:42.528Z,2025-12-02T01:28:42.528Z,AEROBIC,,
692e40ca5ac7e53e5bf9ef7a,Jairo Arcila - Santa Monica,EXPERIMENTALS,CATURRA,HONEY,COLOMBIA,1,24,20,35,59,60,69,70,10,1000,SAMPLE,12,true,0,2025-12-02T01:28:42.528Z,2025-12-02T01:28:42.528Z,WINE_YEAST_PASSION_FRUIT,,
692e40ca5ac7e53e5bf9ef7b,Felipe Arcila - Jardines del Eden,EXOTICS,GESHA,NATURAL,COLOMBIA,1,24,20,35,59,60,69,70,10,1000,SAMPLE,12,true,0,2025-12-02T01:28:42.528Z,2025-12-02T01:28:42.528Z,LACTIC,,
692e40ca5ac7e53e5bf9ef84,Felipe Arcila - Jardines del Eden,EXOTICS,TYPICA_MEJORADO,NATURAL,COLOMBIA,1,24,20,35,59,60,69,70,10,1000,SAMPLE,12,true,0,2025-12-02T01:28:42.528Z,2025-12-02T01:28:42.528Z,EF2,,
692e40ca5ac7e53e5bf9ef88,Jairo Arcila - Santa Monica,EXPERIMENTALS,PINK_BOURBON,HONEY,COLOMBIA,1,24,20,35,59,60,69,70,10,1000,SAMPLE,12,true,0,2025-12-02T01:28:42.528Z,2025-12-02T01:28:42.528Z,WINE_YEAST_LYCHEE,,
692e40ca5ac7e53e5bf9ef95,Jairo Arcila - Santa Monica,EXPERIMENTALS,CASTILLO,HONEY,COLOMBIA,1,24,20,35,59,60,69,70,10,1000,SAMPLE,12,true,0,2025-12-02T01:28:42.528Z,2025-12-02T01:28:42.528Z,WINE_YEAST_LULO,,
692e40ca5ac7e53e5bf9ef98,Jairo Arcila - Santa Monica,EXPERIMENTALS,CATURRA,HONEY,COLOMBIA,1,24,20,35,59,60,69,70,10,1000,SAMPLE,12,true,0,2025-12-02T01:28:42.528Z,2025-12-02T01:28:42.528Z,WINE_YEAST_BAA,,
692e40ca5ac7e53e5bf9ef9b,Peaberry - Sertao Farm,SINGLE_ESTATES,YELLOW_BOURBON_PEABERRY,NATURAL,BRAZIL,1,59,20,24,35,60,69,70,10,1000,SAMPLE,12,true,0,2025-12-02T01:28:42.528Z,2025-12-02T01:28:42.528Z,,,
692e40ca5ac7e53e5bf9ef9c,Lagoinha Farm,SINGLE_ESTATES,YELLOW_BOURBON,NATURAL,BRAZIL,1,59,20,24,35,60,69,70,10,1000,SAMPLE,12,true,0,2025-12-02T01:28:42.528Z,2025-12-02T01:28:42.528Z,,,
692e40ca5ac7e53e5bf9efa0,Luz Helena Salazar - Maracay,MICROLOTS,CATURRA,HONEY,COLOMBIA,1,70,20,24,35,59,60,69,10,1000,SAMPLE,12,true,0,2025-12-02T01:28:42.528Z,2025-12-02T01:28:42.528Z,,,
692e40ca5ac7e53e5bf9efa1,Leonid Ramirez - La Cortina de Hierro,MICROLOTS,CASTILLO,HONEY,COLOMBIA,1,35,20,24,59,60,69,70,10,1000,SAMPLE,12,true,0,2025-12-02T01:28:42.528Z,2025-12-02T01:28:42.528Z,,,
692e40ca5ac7e53e5bf9efa3,Luz Helena Salazar - Maracay,MICROLOTS,PINK_BOURBON,NATURAL,COLOMBIA,1,24,20,35,59,60,69,70,10,1000,SAMPLE,12,true,0,2025-12-02T01:28:42.528Z,2025-12-02T01:28:42.528Z,,,
692e40ca5ac7e53e5bf9efa4,Jairo Arcila - Santa Monica,EXPERIMENTALS,PINK_BOURBON,HONEY,COLOMBIA,1,24,20,35,59,60,69,70,10,1000,SAMPLE,12,true,0,2025-12-02T01:28:42.528Z,2025-12-02T01:28:42.528Z,TARTARIC_ACID_CINNAMON,,
692e40ca5ac7e53e5bf9efa6,Jairo Arcila - Santa Monica,EXOTICS,ARUZI,WASHED,COLOMBIA,1,24,20,35,59,60,69,70,10,1000,SAMPLE,12,true,0,2025-12-02T01:28:42.528Z,2025-12-02T01:28:42.528Z,,,
692e40ca5ac7e53e5bf9efad,Rubi Urbano - El Diviso,MICROLOTS,CATURRA,WASHED,COLOMBIA,1,35,20,24,59,60,69,70,10,1000,SAMPLE,12,true,0,2025-12-02T01:28:42.528Z,2025-12-02T01:28:42.528Z,,,
692e40ca5ac7e53e5bf9efae,Benjamin Gilberto Rivera - La Molienda,MICROLOTS,CATURRA,WASHED,COLOMBIA,1,35,20,24,59,60,69,70,10,1000,SAMPLE,12,true,0,2025-12-02T01:28:42.528Z,2025-12-02T01:28:42.528Z,,,
692e40ca5ac7e53e5bf9efaf,Sebastian Gomez - La Divisa,EXPERIMENTALS,GESHA,HONEY,COLOMBIA,1,24,20,35,59,60,69,70,10,1000,SAMPLE,12,true,0,2025-12-02T01:28:42.528Z,2025-12-02T01:28:42.528Z,WINE_YEAST_PEACH,,
692e40ca5ac7e53e5bf9efb4,Jairo Arcila - Santa Monica,EXOTICS,PINK_BOURBON,WASHED,COLOMBIA,1,24,20,35,59,60,69,70,10,1000,SAMPLE,12,true,0,2025-12-02T01:28:42.528Z,2025-12-02T01:28:42.528Z,,,
692e40ca5ac7e53e5bf9efb7,Diofanor Ruiz - La Divisa,EXOTICS,CASTILLO,NATURAL,COLOMBIA,1,35,20,24,59,60,69,70,10,1000,SAMPLE,12,true,0,2025-12-02T01:28:42.528Z,2025-12-02T01:28:42.528Z,ANAEROBIC,,
692e40ca5ac7e53e5bf9efb9,Jairo Arcila - Santa Monica,EXOTICS,CHIROSO_BOURBON,NATURAL,COLOMBIA,1,24,20,35,59,60,69,70,10,1000,SAMPLE,12,true,0,2025-12-02T01:28:42.528Z,2025-12-02T01:28:42.528Z,EF2,,
692e40ca5ac7e53e5bf9efdd,Linarco Rodriguez - El Diviso,EXOTICS,TABI,WASHED,COLOMBIA,1,35,20,24,59,60,69,70,10,1000,SAMPLE,12,true,0,2025-12-02T01:28:42.529Z,2025-12-02T01:28:42.529Z,EF,,
692e40ca5ac7e53e5bf9efde,Martha Arcila - La Constancia,SINGLE_ESTATES,CATURRA,WASHED,COLOMBIA,1,70,20,24,35,59,60,69,10,1000,SAMPLE,12,true,0,2025-12-02T01:28:42.529Z,2025-12-02T01:28:42.529Z,,,
692e40ca5ac7e53e5bf9efe0,Jaime Zuluaga - El Saman,EXOTICS,PAPAYO,NATURAL,COLOMBIA,1,24,20,35,59,60,69,70,10,1000,SAMPLE,12,true,0,2025-12-02T01:28:42.529Z,2025-12-02T01:28:42.529Z,CM_240,,
692e40ca5ac7e53e5bf9efe3,Jairo Arcila - Santa Monica,EXPERIMENTALS,PINK_BOURBON,NATURAL,COLOMBIA,1,24,20,35,59,60,69,70,10,1000,SAMPLE,12,true,0,2025-12-02T01:28:42.529Z,2025-12-02T01:28:42.529Z,BERRIES,,
692e40ca5ac7e53e5bf9efe8,Brayan Smith,EXOTICS,GESHA,WASHED,COLOMBIA,1,24,20,35,59,60,69,70,10,1000,SAMPLE,12,true,0,2025-12-02T01:28:42.529Z,2025-12-02T01:28:42.529Z,,,
692e40ca5ac7e53e5bf9efe9,Sebastian Gomez - La Divisa,EXOTICS,GESHA,NATURAL,COLOMBIA,1,24,20,35,59,60,69,70,10,1000,SAMPLE,12,true,0,2025-12-02T01:28:42.529Z,2025-12-02T01:28:42.529Z,,,
692e40ca5ac7e53e5bf9efeb,Jairo Arcila - Santa Monica,EXOTICS,CASTILLO,HONEY,COLOMBIA,1,24,20,35,59,60,69,70,10,1000,SAMPLE,12,true,0,2025-12-02T01:28:42.529Z,2025-12-02T01:28:42.529Z,CANDY_CRUSH,,
692e40ca5ac7e53e5bf9efed,Jairo Arcila - Santa Monica,EXPERIMENTALS,CATURRA,HONEY,COLOMBIA,1,24,20,35,59,60,69,70,10,1000,SAMPLE,12,true,0,2025-12-02T01:28:42.529Z,2025-12-02T01:28:42.529Z,WINE_YEAST_BLACKBERRIES,,
692e40ca5ac7e53e5bf9efee,Jairo Arcila - Santa Monica,MICROLOTS,CATURRA,WASHED,COLOMBIA,1,24,20,35,59,60,69,70,10,1000,SAMPLE,12,true,0,2025-12-02T01:28:42.529Z,2025-12-02T01:28:42.529Z,,,
692e40ca5ac7e53e5bf9efff,Jairo Arcila - Santa Monica,EXPERIMENTALS,CASTILLO,WASHED,COLOMBIA,1,24,20,35,59,60,69,70,10,1000,SAMPLE,12,true,0,2025-12-02T01:28:42.529Z,2025-12-02T01:28:42.529Z,WINE_YEAST_STRAWBERRY,,
692e40ca5ac7e53e5bf9f001,Jairo Arcila - Santa Monica,EXPERIMENTALS,CASTILLO,WASHED,COLOMBIA,1,24,20,35,59,60,69,70,10,1000,SAMPLE,12,true,0,2025-12-02T01:28:42.529Z,2025-12-02T01:28:42.529Z,WINE_YEAST_TANGERINE,,
692e40ca5ac7e53e5bf9f003,Jairo Arcila,EXPERIMENTALS,692e40ba5ac7e53e5bf9ec0e,WASHED,COLOMBIA,1,24,20,35,59,60,69,70,10,1000,SAMPLE,12,true,0,2025-12-02T01:28:42.529Z,2025-12-05T16:48:31.547Z,BANANA,,
692e40ca5ac7e53e5bf9f008,Favela,RESERVE_PROGRAMS,YELLOW_CATUAI,NATURAL,BRAZIL,1,59,20,24,35,60,69,70,10,1000,SAMPLE,12,true,0,2025-12-02T01:28:42.529Z,2025-12-02T01:28:42.529Z,,,
692e40ca5ac7e53e5bf9f00d,Felipe Arcila - Jardines del Eden,EXOTICS,MARAGESHA,NATURAL,COLOMBIA,1,24,20,35,59,60,69,70,10,1000,SAMPLE,12,true,0,2025-12-02T01:28:42.529Z,2025-12-02T01:28:42.529Z,EF2,,
692e40ca5ac7e53e5bf9f014,Javier Quintero - Buenavista,EXOTICS,ARUZI,WASHED,COLOMBIA,1,24,20,35,59,60,69,70,10,1000,SAMPLE,12,true,0,2025-12-02T01:28:42.529Z,2025-12-02T01:28:42.529Z,,,
692e40ca5ac7e53e5bf9f016,Buesaco,REGIONALS_PLUS,MIX,WASHED,COLOMBIA,1,70,20,24,35,59,60,69,10,1000,SAMPLE,12,true,0,2025-12-02T01:28:42.529Z,2025-12-02T01:28:42.529Z,,,
692e40ca5ac7e53e5bf9f019,Luz Helena Salazar,MICROLOTS,CATURRA,WASHED,COLOMBIA,1,35,20,24,59,60,69,70,10,1000,SAMPLE,12,true,0,2025-12-02T01:28:42.529Z,2025-12-02T01:28:42.529Z,,,
692e40ca5ac7e53e5bf9f020,Felipe Arcila - Jardines del Eden,EXOTICS,YELLOW_SUDAN_RUME,WASHED,COLOMBIA,1,24,20,35,59,60,69,70,10,1000,SAMPLE,12,true,0,2025-12-02T01:28:42.529Z,2025-12-02T01:28:42.529Z,,,
692e40ca5ac7e53e5bf9f021,Felipe Arcila - Jardines del Eden,EXOTICS,PAPAYO,WASHED,COLOMBIA,1,24,20,35,59,60,69,70,10,1000,SAMPLE,12,true,0,2025-12-02T01:28:42.529Z,2025-12-02T01:28:42.529Z,,,
692e40ca5ac7e53e5bf9f026,Jairo Arcila - Santa Monica,EXOTICS,YELLOW_SUDAN_RUME,NATURAL,COLOMBIA,1,35,20,24,59,60,69,70,10,1000,SAMPLE,12,true,0,2025-12-02T01:28:42.529Z,2025-12-02T01:28:42.529Z,EF2,,
692e40ca5ac7e53e5bf9f029,Jairo Arcila - Santa Monica,EXPERIMENTALS,CASTILLO,WASHED,COLOMBIA,1,24,20,35,59,60,69,70,10,1000,SAMPLE,12,true,0,2025-12-02T01:28:42.529Z,2025-12-02T01:28:42.529Z,WINE_YEAST_GREEN_APPLE,,
692e40ca5ac7e53e5bf9f038,Jairo Arcila -  Santa Monica,EXPERIMENTALS,CASTILLO,WASHED,COLOMBIA,1,24,20,35,59,60,69,70,10,1000,SAMPLE,12,true,0,2025-12-02T01:28:42.529Z,2025-12-02T01:28:42.529Z,WINE_YEAST_PEACH,,
692e40ca5ac7e53e5bf9f039,Luis Anibal Calderon  - Villa Betulia,EXOTICS,JAVA,NATURAL,COLOMBIA,1,24,20,35,59,60,69,70,10,1000,SAMPLE,12,true,0,2025-12-02T01:28:42.529Z,2025-12-02T01:28:42.529Z,CM,,
692e40ca5ac7e53e5bf9f044,Jairo Arcila - Santa Monica,EXPERIMENTALS,CASTILLO,WASHED,COLOMBIA,1,24,20,35,59,60,69,70,10,1000,SAMPLE,12,true,0,2025-12-02T01:28:42.529Z,2025-12-02T01:28:42.529Z,WINE_YEAST_RED_FRUITS,,
692e40ca5ac7e53e5bf9f045,Jairo Arcila - Santa Monica,EXPERIMENTALS,CASTILLO,WASHED,COLOMBIA,1,24,20,35,59,60,69,70,10,1000,SAMPLE,12,true,0,2025-12-02T01:28:42.529Z,2025-12-02T01:28:42.529Z,WINE_YEAST_BAA,,
692e40ca5ac7e53e5bf9f04d,Diofanor Ruiz - La Divisa,EXOTICS,PAPAYO,NATURAL,COLOMBIA,1,24,20,35,59,60,69,70,10,1000,SAMPLE,12,true,0,2025-12-02T01:28:42.529Z,2025-12-02T01:28:42.529Z,,,
692e40ca5ac7e53e5bf9f052,Diofanor Ruiz - La Divisa,EXOTICS,PINK_BOURBON,WASHED,COLOMBIA,1,24,20,35,59,60,69,70,10,1000,SAMPLE,12,true,0,2025-12-02T01:28:42.529Z,2025-12-02T01:28:42.529Z,,,
692e40ca5ac7e53e5bf9f054,Cesar Buesaquillo - La Esmeralda,EXOTICS,PINK_BOURBON,NATURAL,COLOMBIA,1,24,20,35,59,60,69,70,10,1000,SAMPLE,12,true,0,2025-12-02T01:28:42.529Z,2025-12-02T01:28:42.529Z,,,
692e40ca5ac7e53e5bf9f05c,Jairo Arcila - Santa Monica,EXOTICS,CASTILLO,HONEY,COLOMBIA,1,24,20,35,59,60,69,70,10,1000,SAMPLE,12,true,0,2025-12-02T01:28:42.530Z,2025-12-02T01:28:42.530Z,WINE_YEAST_BAA,,
692e40ca5ac7e53e5bf9f05d,Aricha Adorsi G1,MICROLOTS,YIRGACHEFFE,WASHED,ETHIOPIA,1,60,20,24,35,59,69,70,10,1000,SAMPLE,12,true,0,2025-12-02T01:28:42.530Z,2025-12-02T01:28:42.530Z,,,
692e40ca5ac7e53e5bf9f05e,Shakisso Gigesa G1,MICROLOTS,GUJI,NATURAL,ETHIOPIA,1,60,20,24,35,59,69,70,10,1000,SAMPLE,12,true,0,2025-12-02T01:28:42.530Z,2025-12-02T01:28:42.530Z,,,
692e40ca5ac7e53e5bf9f063,Jairo Arcila - Santa Monica,EXPERIMENTALS,PINK_BOURBON,HONEY,COLOMBIA,1,24,20,35,59,60,69,70,10,1000,SAMPLE,12,true,0,2025-12-02T01:28:42.530Z,2025-12-02T01:28:42.530Z,WINE_YEAST_COCOPEACH,,
692e40ca5ac7e53e5bf9f066,Jairo Arcila - Santa Monica,EXPERIMENTALS,CASTILLO,WASHED,COLOMBIA,1,24,20,35,59,60,69,70,10,1000,SAMPLE,12,true,0,2025-12-02T01:28:42.530Z,2025-12-02T01:28:42.530Z,CHERRY,,
692e40ca5ac7e53e5bf9f06e,Leonid Ramirez - La Cortina de Hierro,MICROLOTS,TABI,WASHED,COLOMBIA,1,35,20,24,59,60,69,70,10,1000,SAMPLE,12,true,0,2025-12-02T01:28:42.530Z,2025-12-02T01:28:42.530Z,,,
692e40ca5ac7e53e5bf9f074,Jairo Arcila - Santa Monica,EXOTICS,CASTILLO,HONEY,COLOMBIA,1,24,20,35,59,60,69,70,10,1000,SAMPLE,12,true,0,2025-12-02T01:28:42.530Z,2025-12-02T01:28:42.530Z,WINE_YEAST_STRAWBERRY,,
692e40ca5ac7e53e5bf9f077,Felipe Arcila - Jardines del Encanto,MICROLOTS,MARAGESHA,WASHED,COLOMBIA,1,24,20,35,59,60,69,70,10,1000,SAMPLE,12,true,0,2025-12-02T01:28:42.530Z,2025-12-02T01:28:42.530Z,,,
69330b4df68576ea655c2d45,Jairo Arcila - Santa Monica,EXPERIMENTALS,CASTILLO,WASHED,COLOMBIA,0,24,35,70,,,,,,,,,true,0,2025-12-05T16:41:49.183Z,2025-12-05T16:41:49.183Z,,,88
69330e55f68576ea655c2fff,Leonid Ramirez - La Cortina De Hierro,MICROLOTS,VARIEDAD_COLOMBIA,WASHED,COLOMBIA,0,35,24,70,,,,,,,,,true,0,2025-12-05T16:54:45.863Z,2025-12-05T16:54:45.863Z,,,86
69442716ea0c76a68bc22829,Ana Melva Sampertegui Sanchez - San Ignacio,MICROLOTS,MIX,WASHED,PERU,1,35,,,,,,,,,,,true,0,2025-12-18T16:08:54.433Z,2025-12-18T16:08:54.433Z,,,
6977b99625f1e4f4c10b0b91,Brayan Smith - Pink Bourbon Natural,EXOTICS,PINK_BOURBON,NATURAL,COLOMBIA,0,70,24,10,,,,,,,,,true,0,2026-01-26T18:59:34.190Z,2026-01-26T18:59:34.190Z,,,
6978eed925f1e4f4c10b74c7,Jairo Arcila - Buenos Aires,SINGLE_ESTATES,CATURRA,WASHED,COLOMBIA,14.33,70,,,,,,,,,,,true,0,2026-01-27T16:59:05.028Z,2026-01-27T16:59:05.028Z,,,
6978ef0825f1e4f4c10b74da,Luz Helena Salazar - Maracay,MICROLOTS,CATURRA,HONEY,COLOMBIA,16.1,70,,,,,,,,,,,true,0,2026-01-27T16:59:52.857Z,2026-01-27T16:59:52.857Z,,,
692e40ca5ac7e53e5bf9efbc,Diofanor Ruiz - La Divisa,MICROLOTS,CASTILLO,NATURAL,COLOMBIA,1,24,20,35,59,60,69,70,10,1000,SAMPLE,12,true,0,2025-12-02T01:28:42.528Z,2025-12-02T01:28:42.528Z,,,
692e40ca5ac7e53e5bf9efbd,Diofanor Ruiz - La Divisa,MICROLOTS,PAPAYO,NATURAL,COLOMBIA,1,24,20,35,59,60,69,70,10,1000,SAMPLE,12,true,0,2025-12-02T01:28:42.528Z,2025-12-02T01:28:42.528Z,,,
692e40ca5ac7e53e5bf9efbf,Jairo Arcila - Santa Monica,EXPERIMENTALS,CASTILLO,WASHED,COLOMBIA,1,24,20,35,59,60,69,70,10,1000,SAMPLE,12,true,0,2025-12-02T01:28:42.528Z,2025-12-02T01:28:42.528Z,WINE_YEAST_LULO,,
692e40ca5ac7e53e5bf9efc0,Jairo Arcila - Santa Monica,EXPERIMENTALS,PINK_BOURBON,HONEY,COLOMBIA,1,24,20,35,59,60,69,70,10,1000,SAMPLE,12,true,0,2025-12-02T01:28:42.528Z,2025-12-02T01:28:42.528Z,CINNAMON,,
692e40ca5ac7e53e5bf9efc5,Felipe Arcila - Jardines del Eden,EXOTICS,YELLOW_SUDAN_RUME,NATURAL,COLOMBIA,1,12,20,24,35,59,60,69,70,10,1000,SAMPLE,true,0,2025-12-02T01:28:42.528Z,2025-12-02T01:28:42.528Z,ANAEROBIC,,
692e40ca5ac7e53e5bf9efc7,Luis Anibal Calderon - Villa Betulia,EXOTICS,PINK_BOURBON,NATURAL,COLOMBIA,1,35,20,24,59,60,69,70,10,1000,SAMPLE,12,true,0,2025-12-02T01:28:42.528Z,2025-12-02T01:28:42.528Z,,,
692e40ca5ac7e53e5bf9efcb,Jairo Arcila - Santa Monica,EXPERIMENTALS,PINK_BOURBON,HONEY,COLOMBIA,1,24,20,35,59,60,69,70,10,1000,SAMPLE,12,true,0,2025-12-02T01:28:42.529Z,2025-12-02T01:28:42.529Z,WINE_YEAST_PEACH,,
692e40ca5ac7e53e5bf9efda,Felipe Arcila - Jardines del Eden,EXOTICS,PINK_GESHA,NATURAL,COLOMBIA,1,24,20,35,59,60,69,70,10,1000,SAMPLE,12,true,0,2025-12-02T01:28:42.529Z,2025-12-02T01:28:42.529Z,EF2,,
692e40ca5ac7e53e5bf9efef,Felipe Arcila - Jardines del Eden,EXOTICS,YELLOW_GESHA,NATURAL,COLOMBIA,1,24,20,35,59,60,69,70,10,1000,SAMPLE,12,true,0,2025-12-02T01:28:42.529Z,2025-12-02T01:28:42.529Z,,,
692e40ca5ac7e53e5bf9eff1,Luis Anibal Calderon - Villa Betulia,EXOTICS,GESHA_KING,NATURAL,COLOMBIA,1,24,20,35,59,60,69,70,10,1000,SAMPLE,12,true,0,2025-12-02T01:28:42.529Z,2025-12-02T01:28:42.529Z,,,
692e40ca5ac7e53e5bf9eff2,Felipe Arcila - Jardines del Eden,EXOTICS,SL_28,NATURAL,COLOMBIA,1,24,20,35,59,60,69,70,10,1000,SAMPLE,12,true,0,2025-12-02T01:28:42.529Z,2025-12-02T01:28:42.529Z,,,
692e40ca5ac7e53e5bf9eff6,Carlos Arcila - Castellon,EXOTICS,GESHA,WASHED,COLOMBIA,1,24,20,35,59,60,69,70,10,1000,SAMPLE,12,true,0,2025-12-02T01:28:42.529Z,2025-12-02T01:28:42.529Z,,,
692e40ca5ac7e53e5bf9eff9,Luz Helena Salazar - La Leona,EXOTICS,GESHA,NATURAL,COLOMBIA,1,24,20,35,59,60,69,70,10,1000,SAMPLE,12,true,0,2025-12-02T01:28:42.529Z,2025-12-02T01:28:42.529Z,,,
692e40ca5ac7e53e5bf9f002,Luis Anibal Calderon - Villa Betulia,EXOTICS,SIDRA,NATURAL,COLOMBIA,1,24,20,35,59,60,69,70,10,1000,SAMPLE,12,true,0,2025-12-02T01:28:42.529Z,2025-12-02T01:28:42.529Z,CM,,
692e40ca5ac7e53e5bf9f007,Capim Seco,REGIONALS,ACAIA,NATURAL,BRAZIL,1,59,20,24,35,60,69,70,10,1000,SAMPLE,12,true,0,2025-12-02T01:28:42.529Z,2025-12-02T01:28:42.529Z,,,
692e40ca5ac7e53e5bf9f009,Copan Reserve,RESERVE_PROGRAMS,MIX,WASHED,HONDURAS,1,69,20,24,35,59,60,70,10,1000,SAMPLE,12,true,0,2025-12-02T01:28:42.529Z,2025-12-02T01:28:42.529Z,,,
692e40ca5ac7e53e5bf9f00f,Felipe Arcila - Jardines del Eden,EXOTICS,RED_GESHA,WASHED,COLOMBIA,1,24,20,35,59,60,69,70,10,1000,SAMPLE,12,true,0,2025-12-02T01:28:42.529Z,2025-12-02T01:28:42.529Z,,,
692e40ca5ac7e53e5bf9f011,Jairo Arcila - Santa Monica,EXPERIMENTALS,CASTILLO,HONEY,COLOMBIA,1,24,20,35,59,60,69,70,10,1000,SAMPLE,12,true,0,2025-12-02T01:28:42.529Z,2025-12-02T01:28:42.529Z,WINE_YEAST_BLACKBERRIES,,
692e40ca5ac7e53e5bf9f017,Jairo Arcila - Casa Negra,SINGLE_ESTATES,MIX,WASHED,COLOMBIA,1,70,20,24,35,59,60,69,10,1000,SAMPLE,12,true,0,2025-12-02T01:28:42.529Z,2025-12-02T01:28:42.529Z,,,
692e40ca5ac7e53e5bf9f018,Nelson Hurtado - El Eden,EXOTICS,YELLOW_CATURRA,WASHED,COLOMBIA,1,35,20,24,59,60,69,70,10,1000,SAMPLE,12,true,0,2025-12-02T01:28:42.529Z,2025-12-02T01:28:42.529Z,,,
692e40ca5ac7e53e5bf9f01a,Cesar Buesaquillo,MICROLOTS,CASTILLO,WASHED,COLOMBIA,1,35,20,24,59,60,69,70,10,1000,SAMPLE,12,true,0,2025-12-02T01:28:42.529Z,2025-12-02T01:28:42.529Z,,,
692e40ca5ac7e53e5bf9f01e,Luz Helena Salazar - La Leona,EXOTICS,GESHA,WASHED,COLOMBIA,1,24,20,35,59,60,69,70,10,1000,SAMPLE,12,true,0,2025-12-02T01:28:42.529Z,2025-12-02T01:28:42.529Z,,,
692e40ca5ac7e53e5bf9f024,Luz Helena Salazar - Maracay,SINGLE_ESTATES,CATURRA,WASHED,COLOMBIA,1,70,20,24,35,59,60,69,10,1000,SAMPLE,12,true,0,2025-12-02T01:28:42.529Z,2025-12-02T01:28:42.529Z,,,
692e40ca5ac7e53e5bf9f02e,Luz Helena Salazar - Maracay,EXOTICS,PINK_BOURBON,NATURAL,COLOMBIA,1,70,20,24,35,59,60,69,10,1000,SAMPLE,12,true,0,2025-12-02T01:28:42.529Z,2025-12-02T01:28:42.529Z,,,
692e40ca5ac7e53e5bf9f037,Jairo Arcila -  Santa Monica,EXPERIMENTALS,CASTILLO,WASHED,COLOMBIA,1,24,20,35,59,60,69,70,10,1000,SAMPLE,12,true,0,2025-12-02T01:28:42.529Z,2025-12-02T01:28:42.529Z,WINE_YEAST_LYCHEE,,
692e40ca5ac7e53e5bf9f03b,Felipe Arcila - Jardines del Eden,EXOTICS,JAVA,NATURAL,COLOMBIA,1,24,20,35,59,60,69,70,10,1000,SAMPLE,12,true,0,2025-12-02T01:28:42.529Z,2025-12-02T01:28:42.529Z,EF2,,
692e40ca5ac7e53e5bf9f03c,Leonid Ramirez - La Cortina de Hierro,EXOTICS,CASTILLO,WASHED,COLOMBIA,1,70,20,24,35,59,60,69,10,1000,SAMPLE,12,true,0,2025-12-02T01:28:42.529Z,2025-12-02T01:28:42.529Z,ANAEROBIC,,
692e40ca5ac7e53e5bf9f041,Diofanor Ruiz - La Divisa,SINGLE_ESTATES,CASTILLO,HONEY,COLOMBIA,1,70,20,24,35,59,60,69,10,1000,SAMPLE,12,true,0,2025-12-02T01:28:42.529Z,2025-12-02T01:28:42.529Z,,,
692e40ca5ac7e53e5bf9f046,Jairo Arcila - Santa Monica,EXPERIMENTALS,CASTILLO,WASHED,COLOMBIA,1,24,20,35,59,60,69,70,10,1000,SAMPLE,12,true,0,2025-12-02T01:28:42.529Z,2025-12-02T01:28:42.529Z,WINE_YEAST_GRAPE,,
692e40ca5ac7e53e5bf9f049,Diofanor Ruiz - La Divisa,EXOTICS,JAVA,NATURAL,COLOMBIA,1,24,20,35,59,60,69,70,10,1000,SAMPLE,12,true,0,2025-12-02T01:28:42.529Z,2025-12-02T01:28:42.529Z,,,
692e40ca5ac7e53e5bf9f04c,Diofanor Ruiz - La Divisa,EXOTICS,JAVA,WASHED,COLOMBIA,1,24,20,35,59,60,69,70,10,1000,SAMPLE,12,true,0,2025-12-02T01:28:42.529Z,2025-12-02T01:28:42.529Z,,,
692e40ca5ac7e53e5bf9f051,Jairo Arcila - Santa Monica,EXOTICS,GESHA,WASHED,COLOMBIA,1,24,20,35,59,60,69,70,10,1000,SAMPLE,12,true,0,2025-12-02T01:28:42.529Z,2025-12-02T01:28:42.529Z,,,
692e40ca5ac7e53e5bf9f055,Luis Anibal Calderon - Villa Betulia,EXOTICS,PAPAYO,NATURAL,COLOMBIA,1,24,20,35,59,60,69,70,10,1000,SAMPLE,12,true,0,2025-12-02T01:28:42.529Z,2025-12-02T01:28:42.529Z,,,
692e40ca5ac7e53e5bf9f057,Jairo Arcila - Santa Monica,EXPERIMENTALS,CASTILLO,HONEY,COLOMBIA,1,24,20,35,59,60,69,70,10,1000,SAMPLE,12,true,0,2025-12-02T01:28:42.530Z,2025-12-02T01:28:42.530Z,TARTARIC_ACID_CINNAMON,,
692e40ca5ac7e53e5bf9f059,Jairo Arcila - Santa Monica,EXPERIMENTALS,PINK_BOURBON,HONEY,COLOMBIA,1,24,20,35,59,60,69,70,10,1000,SAMPLE,12,true,0,2025-12-02T01:28:42.530Z,2025-12-02T01:28:42.530Z,ROSE_TEA,,
692e40ca5ac7e53e5bf9f065,Jairo Arcila - Santa Monica,EXPERIMENTALS,CASTILLO,HONEY,COLOMBIA,1,24,20,35,59,60,69,70,10,1000,SAMPLE,12,true,0,2025-12-02T01:28:42.530Z,2025-12-02T01:28:42.530Z,WATERMELON,,
692e40ca5ac7e53e5bf9f067,Jairo Arcila - Santa Monica,EXPERIMENTALS,CASTILLO,WASHED,COLOMBIA,1,24,20,35,59,60,69,70,10,1000,SAMPLE,12,true,0,2025-12-02T01:28:42.530Z,2025-12-02T01:28:42.530Z,MANGO,,
692e40ca5ac7e53e5bf9f068,Jairo Arcila - Santa Monica,EXPERIMENTALS,CASTILLO,HONEY,COLOMBIA,1,24,20,35,59,60,69,70,10,1000,SAMPLE,12,true,0,2025-12-02T01:28:42.530Z,2025-12-02T01:28:42.530Z,PINEAPPLE,,
692e40ca5ac7e53e5bf9f06f,Bryan Smith - Las Brisas,EXOTICS,BOURBON_AJI,WASHED,COLOMBIA,1,24,20,35,59,60,69,70,10,1000,SAMPLE,12,true,0,2025-12-02T01:28:42.530Z,2025-12-02T01:28:42.530Z,,,
692e40ca5ac7e53e5bf9f072,Jairo Arcila - Santa Monica,EXOTICS,TYPICA,NATURAL,COLOMBIA,1,24,20,35,59,60,69,70,10,1000,SAMPLE,12,true,0,2025-12-02T01:28:42.530Z,2025-12-02T01:28:42.530Z,,,
692e40ca5ac7e53e5bf9f075,La Cima,REGIONALS_PLUS,MIX,WASHED,PERU,1,69,20,24,35,59,60,70,10,1000,SAMPLE,12,true,0,2025-12-02T01:28:42.530Z,2025-12-02T01:28:42.530Z,,,
692e40ca5ac7e53e5bf9f078,Jairo Arcila - La Castellana,REGIONALS_PLUS,MIX,WASHED,COLOMBIA,1,70,20,24,35,59,60,69,10,1000,SAMPLE,12,true,0,2025-12-02T01:28:42.530Z,2025-12-02T01:28:42.530Z,,,
692e40ca5ac7e53e5bf9f079,Felipe Arcila - Jardines del Encanto,EXOTICS,MARAGESHA,NATURAL,COLOMBIA,1,24,20,35,59,60,69,70,10,1000,SAMPLE,12,true,0,2025-12-02T01:28:42.530Z,2025-12-02T01:28:42.530Z,,,
6944176e56df7741e330da82,Jairo Arcila - Santa Monica,EXPERIMENTALS,CASTILLO,WASHED,COLOMBIA,25,24,35,70,,,,,,,,,true,0,2025-12-18T15:02:06.501Z,2025-12-18T15:02:06.501Z,,,88
6944252dea0c76a68bc22507,Jairo Arcila - Santa Monica,EXPERIMENTALS,PINK_BOURBON,WASHED,COLOMBIA,14,24,35,70,,,,,,,,,true,0,2025-12-18T16:00:45.189Z,2025-12-18T16:00:45.189Z,WINE_YEAST_PEACH,,88
694425a2ea0c76a68bc22615,Clever Angel Villanueva Rafael - Chontali,MICROLOTS,MIX,WASHED,PERU,1,35,,,,,,,,,,,true,0,2025-12-18T16:02:42.640Z,2025-12-18T16:07:01.988Z,,,
69442629ea0c76a68bc2265b,Marta Isabel Cruzado Vasquez - El Diamante,MICROLOTS,MIX,WASHED,PERU,1,35,,,,,,,,,,,true,0,2025-12-18T16:04:57.312Z,2025-12-18T16:07:15.810Z,,,
694426eeea0c76a68bc22817,Elver Maluquis Guevara - Cutervo,MICROLOTS,MIX,WASHED,PERU,1,35,,,,,,,,,,,true,0,2025-12-18T16:08:14.664Z,2025-12-18T16:08:14.664Z,,,
6944276eea0c76a68bc2287c,Clever Ander Flores Fernandez - San Ramon Huabal,MICROLOTS,MIX,WASHED,PERU,1,35,,,,,,,,,,,true,0,2025-12-18T16:10:22.033Z,2025-12-18T16:10:22.033Z,,,
6978ef3525f1e4f4c10b74f5,Luz Helena Salazar - Maracay,MICROLOTS,CATURRA,NATURAL,COLOMBIA,16.98,70,,,,,,,,,,,true,0,2026-01-27T17:00:37.626Z,2026-01-27T17:00:37.626Z,,,
6978ef7425f1e4f4c10b7510,Luz Helena Salazar - Maracay,EXOTICS,PINK_BOURBON,NATURAL,COLOMBIA,23.7,70,,,,,,,,,,,true,0,2026-01-27T17:01:40.976Z,2026-01-27T17:01:40.976Z,,,
